-- phpMyAdmin SQL Dump
-- version 4.0.4.1
-- http://www.phpmyadmin.net
--
-- 主机: 127.0.0.1
-- 生成日期: 2014 ?05 ?12 ?11:30
-- 服务器版本: 5.6.11
-- PHP 版本: 5.5.3

SET SQL_MODE = "NO_AUTO_VALUE_ON_ZERO";
SET time_zone = "+00:00";


/*!40101 SET @OLD_CHARACTER_SET_CLIENT=@@CHARACTER_SET_CLIENT */;
/*!40101 SET @OLD_CHARACTER_SET_RESULTS=@@CHARACTER_SET_RESULTS */;
/*!40101 SET @OLD_COLLATION_CONNECTION=@@COLLATION_CONNECTION */;
/*!40101 SET NAMES utf8 */;

--
-- 数据库: `webfan`
--
CREATE DATABASE IF NOT EXISTS `webfan` DEFAULT CHARACTER SET utf8 COLLATE utf8_general_ci;
USE `webfan`;

-- --------------------------------------------------------

--
-- 表的结构 `about`
--

CREATE TABLE IF NOT EXISTS `about` (
  `id` int(11) NOT NULL AUTO_INCREMENT,
  `keyword` char(255) DEFAULT NULL COMMENT '项目关键字',
  `itemname` varchar(255) DEFAULT NULL COMMENT '项目名',
  `title` varchar(300) DEFAULT NULL COMMENT '标题',
  `subtitle` varchar(300) DEFAULT NULL,
  `content` text COMMENT '内容',
  `createtime` datetime DEFAULT NULL,
  `updatetime` datetime DEFAULT NULL,
  `status` int(1) DEFAULT NULL COMMENT '可用状态，1可用，0不可用',
  `type` int(11) DEFAULT NULL COMMENT '类型，1表是是关于项目，2不是',
  `author` varchar(200) DEFAULT NULL COMMENT '创建者',
  `aid` int(11) DEFAULT NULL COMMENT '管理员id',
  PRIMARY KEY (`id`)
) ENGINE=InnoDB  DEFAULT CHARSET=utf8 AUTO_INCREMENT=7 ;

--
-- 转存表中的数据 `about`
--

INSERT INTO `about` (`id`, `keyword`, `itemname`, `title`, `subtitle`, `content`, `createtime`, `updatetime`, `status`, `type`, `author`, `aid`) VALUES
(1, 'company', '企业简介', '公司简介', 'Our Company', '<p><strong>浩沙集团：室内运动开创者和领导者！</strong><br><br>浩沙公司始于20世纪80年代，其推出的健美裤风靡全中国，从而开始了浩沙企业的历史。当时社会流行一句话“不管多大肚，都穿健美裤”，描写的就是当时健美裤畅销的盛况。 &nbsp; &nbsp;浩沙企业起于健美裤，自浩沙企业出生起，就被赋予了室内运动的基因。<br><br>浩沙自成立之初，一直专注于室内运动，并成功地发展成为中国最大的室内运动品牌，在室内运动服饰细分市场，浩沙在品牌和市场份额方面处于绝对的领先地位，而在健身俱乐部领域，浩沙更已发展成为亚洲最具影响力的连锁健身品牌之一。<br><br><strong>浩沙健身：中国领先、国际一流的连锁健身俱乐部！</strong><br><br>浩沙健身起源于二十世纪九十年代。1998年，中国室内运动的领导品牌--浩沙--将国际先进的健身俱乐部管理模式和国际时尚的健身体验带入中国市场，启动了中国大陆浩沙健身俱乐部连锁经营体系。 1999年，浩沙健身首家俱乐部在北京开业。浩沙健身发展至今已经拥有近百家连锁健身俱乐部，成为亚洲地区规模最大的连锁健身俱乐部之一。<br><br>作为中国大陆最早成立的大型连锁健身俱乐部，浩沙健身以“引领室内运动、倡导健康生活、体验快乐人生”作为企业使命，长期致力于推广快乐、时尚、健康的健身文化，倡导休闲、健康的生活方式，积极推进全民健身活动，努力提升国民身体素质。<br><br>浩沙健身近年来通过产业整合与并购重组，凭借现代化的会员制连锁经营模式、国际化的专业健身管理队伍、丰富多彩的健身教练课程、行之有效的健身服务项目、舒适优雅的运动环境和时尚动感的品牌号召力，一跃发展成为亚洲时尚健身运动产业的领导品牌。<br><br>2011年12月浩沙国际在香港证券交易所主板上市，极大地促进了浩沙健身的品牌升级和服务改善，开启了健身行业健康发展的新局面。 2012年6月，浩沙健身成功登陆台湾，开辟了海外首家浩沙健身俱乐部，标志着浩沙健身海外扩张和国际化战略的启动。<br><br>浩沙健身作为健康生活方式的传播者深受海内外健身爱好者的青睐，多年来连续荣获中国健身行业“C-BP品牌力第一名”、“全国优秀健身俱乐部”等各种荣誉称号。展望未来，浩沙健身将一如既往地发扬“团结和谐、拼搏创新”的企业精神，努力打造中国领先、国际一流的室内运动和健身产业集团！<br><br>浩沙健身连锁城市和地区：北京、上海、南京、镇江、溧阳、郑州、成都、厦门、福州、晋江、台湾。<br><br>浩沙健身俱乐部服务热线：4008989697<br></p><p style="text-align:center;"><img style="width:600px;height:600px;" src="http://localhost/webfan/public/upload/49a624262ff345d2429be9fd489df878.jpg" border="0" height="600" hspace="0" vspace="0" width="600"></p><p><br></p>', '2014-04-16 12:46:11', NULL, 1, 1, 'admin', 1),
(2, 'experience', '企业优势', '环宇的优势', 'Why Huanyu', '<p>· 品牌知名度—行内公认的健身俱乐部连锁经营品牌<br><br>· 俱乐部规模—大中华市场覆盖广泛，会员和潜在客户积累多<br><br>· 器材设备—多为国际大品牌星驰、太空、力健、必确等<br><br>· 健身课程—国际接轨，如Les Mills（莱美） 和Zumba（尊巴）等<br><br>· 管理经验—中高层从业背景深厚，行业经验丰富<br><br>· 投资人—战略视野、资本运作、商业头脑、创新意识<br><br>· 在全国拥有会员近100万人；<br><br>· 在全国拥有专业的健身教练2000人；<br><br>· 在全国拥有直营连锁店面近百家；<br><br>· 拥有国际的莱美 和尊巴等课程的授权和专业的课程培训指导；<br><br>· 与国际专业、一流的品牌器械（星驰、太空等）供应商形成战略合作；<br><br>· 聘请港澳台地区及具备MBA学历的专业管理人才；<br><br>· 在上市集团的依托下，探索、创新成就行业领导者；<br><br>· 与中国银行形成战略联盟，在厦门市政府部门的支持下率先在全国服务行业内推出“中银·浩沙卡”，提出科学健身、无忧消费的概念，通过银行按月代扣改善预付费卡现状；<br><br>· 在国家体育总局的关怀和指导下，从本土市场走向国际市场，2012年在台湾地区投资建成13200平米大型健身旗舰会所，为开拓港澳台及东南亚市场奠定了基础；<br><br>· 每年在全国开展近百场全民健身万里行进高校、社区、企业的推广活动，是国家体育总局全民健身项目的主要推广单位；<br><br>· 连续8年独家冠名并承办国家体育总局的“全国万人大众健美操赛事”，成为后奥运时代的一项全民健身赛事；<br></p>', '2014-04-16 12:52:05', NULL, 1, 1, NULL, NULL),
(3, 'history', '品牌历程', '品牌历程', 'Brand History', '<p>·　1998年 <br><br>·　浩沙成为第一个与中国第一档专业健身电视栏目-中央电视台《健美5分钟》合作的专业健身服饰品牌 <br><br>·　1999年 <br><br>·　浩沙在北京成立首家健身俱乐部 <br><br>·　2002 年至今 <br><br>·　连续赞助年度中国模特之星大赛 、新丝路中国模特大赛决赛 <br><br>·　2003 年至今 <br><br>·　连续与中国设计师协会合办及冠名赞助年度浩沙杯中国泳装设计大赛<br><br>·　连续赞助年度中国职业模特大赛决赛 <br><br>·　2004 年 <br><br>·　浩沙品牌成为“中国驰名商标”浩沙内衣成为中国免检产品 <br><br>·　2004 年至今 <br><br>·　成为年度浩沙杯全国万人健美操大赛合办单位及独家冠名商<br><br>·　连续赞助年度国际旅游小姐大赛 <br><br>·　2005 年至今 <br><br>·　连续赞助年度国际比基尼小姐大赛 ；浩沙品牌获得「中国针织内衣十强品牌」<br><br>·　2008年至今 <br><br>·　浩沙品牌连续成为「中国500 最具价值品牌」<br><br>·　浩沙成为国家游泳中心（水立方）的独家水运动产品供货商<br><br>·　浩沙品牌被认定为中国泳衣行业标志性品牌；连续赞助年度世界休闲小姐大赛 <br><br>·　2009 年至今 <br><br>·　连续赞助年度亚洲小姐比赛<br><br>·　成为「全国健美操大众锻炼标准」（第三版）的起草及发布的独家赞助商<br><br>·　浩沙获认可为「泳镜十大品牌」<br><br>·　连续成为全民健身万里行的赞助商和主要合作单位 <br><br>·　2010 年 <br><br>·　浩沙健身瑜珈服饰获认可为「十大体育用品最具创新产品」<br><br>·　浩沙获得「中国针织行业特别贡献奖」 <br><br>·　2011年 <br><br>·　浩沙获得「杰克．第七届中国服装品牌年度大奖」的公众大奖提名奖<br><br>·　浩沙国际(02200)于2011年12月16日成功在香港主板上市<br><br>·　2012年 <br><br>·　与中国设计师协会合办及冠名赞助年度浩沙杯中国健身瑜伽设计大赛，作为冠名主赞助商赞助浩沙杯中国国际瑜伽大会<br><br>·　6月28日，世界品牌实验室公布浩沙品牌评估价值21.18亿，成为上榜中国最具价值品牌500强的唯一室内运动服饰和健身服务企业</p>', '2014-04-16 12:54:59', NULL, 1, 1, NULL, NULL),
(4, 'planning', '品牌规划 ', '品牌规划 ', 'Brand Planning', '<p style="text-align:center;"><img style="width:800px;height:565px;" src="http://localhost/webfan/public/upload/2351abacbfec65b2a1265be6a45ea206.jpg" border="0" height="565" hspace="0" vspace="0" width="800"></p>', '2014-04-16 12:56:54', NULL, 1, 1, NULL, NULL),
(5, 'clubs', '门店分布', '门店分布', 'Huanyu Clubs', '<table cellpadding="0" cellspacing="0"><colgroup><col></colgroup><colgroup><col style="width:72px" width="72"><col style="width:367px" width="366"><col style="width:367px" width="366"></colgroup><tbody><tr class="firstRow" style="height:25px" height="25"><td colspan="3" style="color:#f00" height="25" width="805"><strong>浩沙健身北京区 </strong></td></tr><tr style="height:20px" height="20"><td style="border-top:medium none;" height="20" width="158">会所名称</td><td style="border-top:medium none;border-left:medium none;word-break:break-all;" width="739">地址</td><td style="border-top:none;border-left:none" align="center" width="107">咨询电话</td></tr><tr style="height:24px" height="24"><td style="border-top:medium none;" height="24" width="158">北邮店</td><td style="border-top:medium none;border-left:medium none;word-break:break-all;" width="739">北京海淀区西土城路10号邮电大学北门学生宿舍B1层</td><td style="border-top:none;border-left:none" align="center" width="107">010-62286668</td></tr><tr style="height:24px" height="24"><td style="border-top:medium none;" height="24" width="158">锦秋店</td><td style="border-top:medium none;border-left:medium none;word-break:break-all;" width="739">北京海淀区知春路锦秋家园小区</td><td style="border-top:none;border-left:none" align="center" width="107">010-82356198</td></tr><tr style="height:24px" height="24"><td style="border-top:medium none;" height="24" width="158">中关村店</td><td style="border-top:medium none;border-left:medium none;word-break:break-all;" width="739">北京海淀区北四环西路甲2号辽宁大厦B1</td><td style="border-top:medium none;border-left:medium none;" align="center" width="107">010-82682966</td></tr><tr style="height:24px" height="24"><td style="border-top:medium none;" height="24" width="158">永兴店</td><td style="border-top:medium none;border-left:medium none;word-break:break-all;" width="739">北京海淀区阜成路101号永兴花园饭店B1</td><td style="border-top:none;border-left:none" align="center" width="107">010-88137575</td></tr><tr style="height:24px" height="24"><td style="border-top:medium none;" height="24" width="158">光大店</td><td style="border-top:medium none;border-left:medium none;word-break:break-all;" width="739">北京海淀区泉宗路2号（光大花园内）</td><td style="border-top:none;border-left:none" align="center" width="107">010-82570350</td></tr><tr style="height:21px" height="21"><td style="border-top:medium none;" height="21" width="158">豪柏店</td><td style="border-top:medium none;border-left:medium none;word-break:break-all;" width="739">北京海淀区西三环北路50号院6号楼豪柏大厦</td><td style="border-top:none;border-left:none" align="center" width="107">010-88518008</td></tr><tr style="height:24px" height="24"><td style="border-top:medium none;" height="24" width="158">蓝黛店</td><td style="border-top:medium none;border-left:medium none;word-break:break-all;" width="739">北京海淀区板井路69号世纪金源大饭店蓝黛康体中心B1</td><td style="border-top:none;border-left:none" align="center" width="107">010-88442653</td></tr><tr style="height:24px" height="24"><td style="border-top:medium none;" height="24" width="158">永定路</td><td style="border-top:medium none;border-left:medium none;word-break:break-all;" width="739">北京海淀区永定路西里小区万寿路社区服务中心三层</td><td style="border-top:medium none;border-left:medium none;" align="center" width="107">010-68161866</td></tr><tr style="height:24px" height="24"><td style="border-top:medium none;" height="24" width="158">万方店</td><td style="border-top:medium none;border-left:medium none;word-break:break-all;" width="739">北京西城区月坛南街30号万方西单商场4层</td><td style="border-top:medium none;border-left:medium none;" align="center" width="107">010-68581746</td></tr><tr style="height:24px" height="24"><td style="border-top:medium none;" height="24" width="158">远景店</td><td style="border-top:medium none;border-left:medium none;word-break:break-all;" width="739">北京西城区华远街置地星座19-1</td><td style="border-top:medium none;border-left:medium none;" align="center" width="107">010-58518266</td></tr><tr style="height:24px" height="24"><td style="border-top:medium none;" height="24" width="158">王府井店</td><td style="border-top:medium none;border-left:medium none;word-break:break-all;" width="739">北京东城区东单北大街1号国旅大厦四层浩沙健身</td><td style="border-top:medium none;border-left:medium none;" align="center" width="107">010-65269700</td></tr><tr style="height:24px" height="24"><td style="border-top:medium none;" height="24" width="158">东环店</td><td style="border-top:medium none;border-left:medium none;word-break:break-all;" width="739">北京东城区东中街9号东环广场B座B1层</td><td style="border-top:none;border-left:none" align="center" width="107">010-64181088</td></tr><tr style="height:24px" height="24"><td style="border-top:medium none;" height="24" width="158">丰台店</td><td style="border-top:medium none;border-left:medium none;word-break:break-all;" width="739">北京丰台区文体路58#工人俱乐部3层、4层</td><td style="border-top:medium none;border-left:medium none;" align="center" width="107">010-63856434</td></tr><tr style="height:24px" height="24"><td style="border-top:medium none;" height="24" width="158">尚西店</td><td style="border-top:medium none;border-left:medium none;word-break:break-all;" width="739">北京丰台区太平桥路15号楼三层（六里桥南里东300米）</td><td style="border-top:medium none;border-left:medium none;" align="center" width="107">010-58052400</td></tr><tr style="height:24px" height="24"><td style="border-top:medium none;" height="24" width="158">方庄二店</td><td style="border-top:medium none;border-left:medium none;word-break:break-all;" width="739">北京丰台区方庄蒲芳路9号物美大买场5层</td><td style="border-top:medium none;border-left:medium none;" align="center" width="107">010-58071135</td></tr><tr style="height:24px" height="24"><td style="border-top:medium none;" height="24" width="158">航天万源店</td><td style="border-top:medium none;border-left:medium none;word-break:break-all;" width="739">北京丰台区南大红门万源路航天万源广场5层</td><td style="border-top:medium none;border-left:medium none;" align="center" width="107">010-88521278</td></tr><tr style="height:24px" height="24"><td style="border-top:medium none;" height="24" width="158">新世界一期</td><td style="border-top:medium none;border-left:medium none;word-break:break-all;" width="739">北京崇文区崇外大街5号新世界商场一期5层</td><td style="border-top:medium none;border-left:medium none;" align="center" width="107">010-67084026</td></tr><tr style="height:24px" height="24"><td style="border-top:medium none;" height="24" width="158">国瑞城店</td><td style="border-top:medium none;border-left:medium none;word-break:break-all;" width="739">北京崇文区崇文门国瑞城中区2号楼B1、B2层</td><td style="border-top:medium none;border-left:medium none;" align="center" width="107">010-67160345</td></tr><tr style="height:24px" height="24"><td style="border-top:medium none;" height="24" width="158">富贵园店</td><td style="border-top:medium none;border-left:medium none;word-break:break-all;" width="739">北京崇文区东花市大街富贵园一区4号楼B1</td><td style="border-top:medium none;border-left:medium none;" align="center" width="107">010-67167781</td></tr><tr style="height:24px" height="24"><td style="border-top:medium none;" height="24" width="158">优士阁店</td><td style="border-left:medium none;word-break:break-all;" width="739">北京朝阳区广渠门外大街8号优士阁A座B1层</td><td style="border-left:medium none;" align="center" width="107">010-58612946</td></tr><tr style="height:23px" height="23"><td style="border-top:medium none;" height="23" width="158">大西洋店</td><td style="border-top:medium none;border-left:medium none;word-break:break-all;" width="739">北京朝阳区望京南湖南路10号大西洋新城会所</td><td style="border-top:medium none;border-left:medium none;" align="center" width="107">010-51651312</td></tr><tr style="height:20px" height="20"><td style="border-top:medium none;" height="20" width="158">星城国际店</td><td style="border-top:medium none;border-left:medium none;word-break:break-all;" width="739">北京朝阳区酒仙桥路甲10号星城国际大厦C座5楼</td><td style="border-top:medium none;border-left:medium none;" align="center" width="107">010-64366855</td></tr><tr style="height:24px" height="24"><td style="border-top:medium none;" height="24" width="158">望商店</td><td style="border-top:medium none;border-left:medium none;word-break:break-all;" width="739">北京朝阳区望京街9号望京商业中心E座4层</td><td style="border-top:medium none;border-left:medium none;" align="center" width="107">010-59203700</td></tr><tr style="height:24px" height="24"><td style="border-top:medium none;" height="24" width="158">北苑店</td><td style="border-top:medium none;border-left:medium none;word-break:break-all;" width="739">北京朝阳区北苑家园易士达广场五层</td><td style="border-top:none;border-left:none" align="center" width="107">010-84958991</td></tr><tr style="height:24px" height="24"><td style="border-top:medium none;" height="24" width="158">欧陆店</td><td style="border-top:medium none;border-left:medium none;word-break:break-all;" width="739">北京朝阳区亚运村北苑路172号欧陆经典会所</td><td style="border-top:medium none;border-left:medium none;" align="center" width="107">010-84852152</td></tr><tr style="height:24px" height="24"><td style="border-top:medium none;" height="24" width="158">阳光店</td><td style="border-top:medium none;border-left:medium none;word-break:break-all;" width="739">北京朝阳区亚运村北苑路安慧北里逸园5号</td><td style="border-top:medium none;border-left:medium none;" align="center" width="107">010-84839212</td></tr><tr style="height:24px" height="24"><td style="border-top:medium none;" height="24" width="158">惠东店</td><td style="border-top:medium none;border-left:medium none;word-break:break-all;" width="739">北京朝阳区惠新东街4号富盛大厦B座M层</td><td style="border-top:none;border-left:none" align="center" width="107">010-84663555</td></tr><tr style="height:23px" height="23"><td style="border-top:medium none;" height="23" width="158">昌体店</td><td style="border-top:medium none;border-left:medium none;word-break:break-all;" width="739">北京昌平区南环西路1号昌平体育馆</td><td style="border-top:medium none;border-left:medium none;" align="center" width="107">010-80112706</td></tr><tr style="height:24px" height="24"><td style="border-top:medium none;" height="24" width="125">龙德店</td><td style="border-top:medium none;border-left:medium none;word-break:break-all;" width="739">北京昌平区立汤路龙德广场4层中区</td><td style="border-top:medium none;border-left:medium none;" align="center" width="107">010-84841811</td></tr><tr style="height:27px" height="27"><td style="border-top:medium none;" height="27" width="158">远洋山水店</td><td style="border-top:medium none;border-left:medium none;word-break:break-all;" width="739">北京石景山区玉泉西里远洋山水小区2区2号楼会所</td><td style="border-top:medium none;border-left:medium none;" align="center" width="107">010-68684848</td></tr><tr style="height:24px" height="24"><td style="border-top:medium none;" height="24" width="158">苏荷店</td><td style="border-top:medium none;border-left:medium none;word-break:break-all;" width="739">北京通州区翠屏北里西区17号楼底商</td><td style="border-top:none;border-left:none" align="center" width="107">010-58015500</td></tr><tr style="height:24px" height="24"><td style="border-top:medium none;word-break:break-all;" height="24" width="158">东四店</td><td style="border-top:medium none;border-left:medium none;word-break:break-all;" width="739">北京朝阳区朝内大街288号凯德华玺大厦</td><td style="border-top:medium none;border-left:medium none;word-break:break-all;" align="center" width="107">010-65259562</td></tr><tr style="height:24px" height="24"><td style="border-top:medium none;word-break:break-all;" height="24" width="158">金顶店</td><td style="border-top:medium none;border-left:medium none;word-break:break-all;" width="739">北京石景山区金顶街北路金顶阳光小区9号楼物美超市5层</td><td style="border-top:medium none;border-left:medium none;word-break:break-all;" align="center" width="107">010-68806818<br></td></tr><tr style="height:19px" height="19"><td colspan="3" style="color:#FF0000;word-break:break-all;" height="25" width="805"><strong>浩沙健身厦门区 </strong></td></tr><tr style="height:19px" height="19"><td style="border-top:medium none;" height="19" width="158">文体店</td><td style="border-top:medium none;border-left:medium none;word-break:break-all;" width="739">厦门市思明区前埔东路28号文体楼四楼</td><td style="border-top:medium none;border-left:medium none;" align="center" width="107">0592-5903338</td></tr><tr style="height:19px" height="19"><td style="border-top:medium none;" height="19" width="158">汇腾店</td><td style="border-top:medium none;border-left:medium none;word-break:break-all;" width="739">厦门市嘉禾路323号汇腾大厦天虹商场5F</td><td style="border-top:medium none;border-left:medium none;" align="center" width="107">0592-5090388</td></tr><tr style="height:19px" height="19"><td style="border-top:medium none;" height="19" width="158">帝豪店</td><td style="border-top:medium none;border-left:medium none;word-break:break-all;" width="739">厦门市厦禾路820号帝豪大厦4F</td><td style="border-top:medium none;border-left:medium none;" align="center" width="107">0592-2966188</td></tr><tr style="height:19px" height="19"><td style="border-top:medium none;" height="19" width="158">海景店</td><td style="border-top:medium none;border-left:medium none;word-break:break-all;" width="739">厦门市湖滨西路华侨海景城二期8号楼7楼</td><td style="border-top:medium none;border-left:medium none;" align="center" width="107">0592-2389288</td></tr><tr style="height:19px" height="19"><td style="border-top:medium none;" height="19" width="158">卧龙店</td><td style="border-top:medium none;border-left:medium none;word-break:break-all;" width="739">厦门市思明区莲前西路366号太川大厦4楼</td><td style="border-top:none;border-left:none" align="center" width="107">0592-5929288</td></tr><tr style="height:19px" height="19"><td colspan="3" style="color:#f00" height="25" width="805"><strong>浩沙健身南京区 </strong></td></tr><tr style="height:19px" height="19"><td style="border-top:medium none;" height="19" width="158">户部街店</td><td style="border-top:medium none;border-left:medium none;word-break:break-all;" width="739">南京市白下区户部街29号力联大厦4楼</td><td style="border-top:medium none;border-left:medium none;" align="center" width="107">025-86892008</td></tr><tr style="height:19px" height="19"><td style="border-top:medium none;word-break:break-all;" height="19" width="72">升州路店</td><td style="border-top:medium none;border-left:medium none;word-break:break-all;" width="739">南京市秦淮区升州路167号</td><td style="border-top:medium none;border-left:medium none;" align="center" width="107">025-52259908</td></tr><tr style="height:19px" height="19"><td style="border-top:medium none;" height="19" width="158">石鼓路店</td><td style="border-top:medium none;border-left:medium none;word-break:break-all;" width="739">南京市白下区石鼓路35号东方名苑5楼</td><td style="border-top:none;border-left:none" align="center" width="107">025-84219880</td></tr><tr style="height:19px" height="19"><td style="border-top:medium none;" height="19" width="158">人民店</td><td style="border-top:medium none;border-left:medium none;word-break:break-all;" width="739">上海市黄浦区南京西路150号体育大厦内</td><td style="border-top:none;border-left:none" align="center" width="107">021-63585911</td></tr><tr><td width="158">镇江店</td><td style="word-break:break-all;" width="418">江苏省镇江市润州区冠城路8号工人大厦1楼<br></td><td align="center" width="107">0511-85626555</td></tr><tr style="height:19px" height="19"><td style="border-top:medium none;" height="19" width="158">溧阳店</td><td style="border-top:medium none;border-left:medium none;word-break:break-all;" width="739">江苏省常州溧阳市建设中路6—13号</td><td style="border-top:medium none;border-left:medium none;" align="center" width="107"> 0519-87775088 <br></td></tr><tr style="height:19px" height="19"><td colspan="3" style="color:#f00" height="25" width="805"><strong>浩沙健身郑州区 </strong></td></tr><tr style="height:19px" height="19"><td style="border-top:medium none;" height="19" width="158">天龙店</td><td style="border-top:medium none;border-left:medium none;word-break:break-all;" width="739">郑州市嵩山路建设路口天龙大厦6楼</td><td style="border-top:medium none;border-left:medium none;word-break:break-all;" align="center" width="107">0371-55955053</td></tr><tr style="height:19px" height="19"><td style="border-top:medium none;" height="19" width="158">一站店</td><td style="border-top:medium none;border-left:medium none;word-break:break-all;" width="739">郑州市航海路中州大道富田一站购物广场四楼</td><td style="border-top:medium none;border-left:medium none;word-break:break-all;" align="center" width="107">0371-63220037<br></td></tr><tr style="height:19px" height="19"><td style="border-top:medium none;" height="19" width="158">锦荣店</td><td style="border-top:medium none;border-left:medium none;word-break:break-all;" width="739">郑州市经五路维三路口中州国际饭店10楼</td><td style="border-top:medium none;border-left:medium none;word-break:break-all;" align="center" width="107">0371-63220695<br></td></tr><tr style="height:19px" height="19"><td colspan="3" style="color:#f00" height="25" width="805"><strong>浩沙健身福州区 </strong></td></tr><tr style="height:19px" height="19"><td style="border-top:medium none;" height="19" width="158">金龙店</td><td style="border-top:medium none;border-left:medium none;word-break:break-all;" width="739">福州市鼓楼区五四路159号金龙大厦4楼</td><td style="border-top:medium none;border-left:medium none;" align="center" width="107">0591-38709666</td></tr><tr style="height:19px" height="19"><td style="border-top:medium none;" height="19" width="158">阳光店</td><td style="border-top:medium none;border-left:medium none;word-break:break-all;" width="739">福州市鼓楼区福新路阳光城5楼</td><td style="border-top:medium none;border-left:medium none;" align="center" width="107">0591-83336777</td></tr><tr style="height:19px" height="19"><td style="border-top:medium none;" height="19" width="158">宝龙店</td><td style="border-top:medium none;border-left:medium none;word-break:break-all;" width="739">福州市工业路宝龙城市广场1号楼3层</td><td style="border-top:medium none;border-left:medium none;" align="center" width="107">0591-83833222</td></tr><tr style="height:19px" height="19"><td style="border-top:medium none;" height="19" width="158">杨桥店</td><td style="border-top:medium none;border-left:medium none;word-break:break-all;" width="739">福州市杨桥东路19号衣锦华庭一楼</td><td style="border-top:medium none;border-left:medium none;" align="center" width="107">0591-87557288</td></tr><tr style="height:19px" height="19"><td style="border-top:medium none;" height="19" width="158">五一公馆店</td><td style="border-top:medium none;border-left:medium none;word-break:break-all;" width="739">福州市五一中路五一公馆5楼</td><td style="border-top:medium none;border-left:medium none;" align="center" width="107">0591-83316689</td></tr><tr style="height:19px" height="19"><td style="border-top:medium none;" height="19" width="158">永升店</td><td style="border-top:medium none;border-left:medium none;word-break:break-all;" width="739">福州市六一南路永升城3-4楼</td><td style="border-top:medium none;border-left:medium none;" align="center" width="107">0591-87828883</td></tr><tr style="height:19px" height="19"><td style="border-top:medium none;" height="19" width="158">连洋店</td><td style="border-top:medium none;border-left:medium none;word-break:break-all;" width="739">福州市晋安区连洋路123号星光大道步行街10号楼2-3层</td><td style="border-top:medium none;border-left:medium none;" align="center" width="107">0591-88231992</td></tr><tr><td rowspan="1" colspan="3" style="word-break:break-all;" height="19"><strong><span style="color:#ff0000;">浩沙健身晋江店</span></strong><br></td></tr><tr style="height:19px" height="19"><td style="border-top:medium none;word-break:break-all;" height="19" width="158">宝龙店</td><td style="border-top:medium none;border-left:medium none;word-break:break-all;" width="739">晋江市世纪大道与迎宾路交汇处宝龙广场3层</td><td style="border-top:medium none;border-left:medium none;" align="center" width="107">0595-82166680</td></tr><tr style="height:19px" height="19"><td colspan="3" style="color:#f00" height="19" width="805"><strong>浩沙健身成都区 </strong></td></tr><tr style="height:19px" height="19"><td style="border-top:medium none;" height="19" width="158">沙湾店</td><td style="border-top:medium none;border-left:medium none;word-break:break-all;" width="739">成都市沙湾路1号（易初莲花三楼）</td><td style="border-top:medium none;border-left:medium none;" align="center" width="107">18200484967</td></tr><tr style="height:19px" height="19"><td style="border-top:medium none;" height="19" width="158">高升店</td><td style="border-top:medium none;border-left:medium none;word-break:break-all;" width="739">成都市高升桥东路2-6号（罗马假日广场C座三楼）</td><td style="border-top:medium none;border-left:medium none;" align="center" width="107">028-85109022</td></tr><tr style="height:19px" height="19"><td style="border-top:medium none;" height="19" width="158">同仁店</td><td style="border-top:medium none;border-left:medium none;word-break:break-all;" width="739">成都市青羊区中同仁路8号（置信精典二楼）</td><td style="border-top:none;border-left:none" align="center" width="107">18200487120</td></tr><tr style="height:19px" height="19"><td style="border-top:medium none;" height="19" width="158">双楠店</td><td style="border-top:medium none;border-left:medium none;word-break:break-all;" width="739">成都市双楠路326号（富港商业中心顶楼）</td><td style="border-top:medium none;border-left:medium none;" align="center" width="107">028-85083880</td></tr><tr style="height:19px" height="19"><td style="border-top:medium none;" height="19" width="158">万和店</td><td style="border-top:medium none;border-left:medium none;word-break:break-all;" width="739">成都市八宝街一号万和大厦四楼（家乐福楼上）</td><td style="border-top:none;border-left:none" align="center" width="107">028-86277738</td></tr><tr style="height:19px" height="19"><td style="border-top:medium none;" height="19" width="158">万高店</td><td style="border-top:medium none;border-left:medium none;word-break:break-all;" width="739">成都市新南路8号万高都市欣城四楼</td><td style="border-top:none;border-left:none" align="center" width="107">15719469830</td></tr></tbody></table>', '2014-04-16 12:58:57', NULL, 1, 1, NULL, NULL),
(6, 'services', '会员服务 ', '会员服务 ', 'Membership Service', '<p><strong> &nbsp;一、会员须知 </strong><br/><br/> &nbsp; &nbsp;1、会员进入俱乐部，请出示会员卡，刷卡核实会员资料无误后，会员方可入场锻炼。 <br/><br/> &nbsp; &nbsp;2、我们为会员提供健身休闲服务和交流沟通平台，以及相关专业服务。<br/><br/> &nbsp; &nbsp;3、会员自觉维护本俱乐部环境卫生，讲文明、不得随地吐痰、不乱扔废弃物；不得在场地内大声喧哗、嬉闹。<br/><br/> &nbsp; &nbsp;4、为了他人的健康，请勿在俱乐部内抽烟。<br/><br/> &nbsp; &nbsp;5、俱乐部为公共场所，会员着装应符合运动要求，不得赤背、赤足；禁止穿皮鞋、拖鞋、凉鞋等入场运动。<br/><br/> &nbsp; &nbsp;6、请勿在淋浴间洗衣、染发及影响其他会员洗浴的各项活动。<br/><br/> &nbsp; &nbsp;7、请勿在干、湿蒸房进行违反使用规定的活动；会员进行蒸汽浴时，应按照蒸汽房管理定；会员须穿防滑拖鞋进入更衣、淋浴区。<br/><br/> &nbsp; &nbsp;8、会员请勿在本俱乐部内销售任何产品（包括健身指导）。<br/><br/> &nbsp; &nbsp;9、未经本俱乐部的许可，请勿在俱乐部内照相、摄像。<br/><br/> &nbsp; &nbsp;10、会员不得携带存在安全隐患的物品进入本俱乐部。<br/><br/> &nbsp; &nbsp;11、凡遇法定节假日、区域性疫情、战争、台风、地震等因素导致无法正常营业的，本俱乐部有权临时停业。<br/><br/><strong> 二、更衣柜使用须知 </strong><br/><br/> &nbsp; &nbsp;1、会员可以免费使用自助式更衣柜，为了保护您的财产安全，请当日营业结束前取出存放物品，同时方便保洁人员进行消毒。<br/><br/> &nbsp; &nbsp;2、会员如需长期存放物品，可以到水吧办理承租储物柜的有关手续。 <br/><br/><strong> 三 、温馨提示：</strong><br/><br/> &nbsp; &nbsp;1、会员开卡须知: <br/><br/> &nbsp; &nbsp;开卡之日均按照《浩沙健身俱乐部入会协议》约定时间系统自动开卡，俱乐部不再做特殊开卡提醒。如有提前开卡，以首次锻炼时间为准。 <br/><br/> &nbsp; &nbsp;2.会员请假须知： <br/><br/> &nbsp; &nbsp;&lt;1&gt;、免费停卡：<br/><br/> &nbsp; &nbsp;a、怀孕（需提供医院证明），女性会员在怀孕期间出示医院相关证明最长可办理一年延期（含卡内的所有请假时间）；<br/><br/> &nbsp; &nbsp;b、医疗疾病（需提供正规医院证明）<br/><br/> &nbsp; &nbsp;c、赠送停卡：一年卡（包括非高峰卡）最长可请假30天，两年卡最长可请假60天，其他卡种没有请假权限。<br/><br/> &nbsp; &nbsp;&lt;2&gt;、付费停卡：<br/><br/> &nbsp; &nbsp;会员除免费停卡期限以外的所有需求请假期限，需按本俱乐部规定办理付费停卡手续，50元/月。<br/><br/> &nbsp; &nbsp;3．会员卡在使用中如有损坏、丢失等情况，需办理新卡，统一收取30元/张制卡工本费。<br/><br/><strong> &nbsp;温馨服务 </strong><br/><br/> &nbsp; &nbsp;一、健康水吧： <br/><br/> &nbsp; &nbsp;各种健康饮料、新鲜水果、营养食品，更有储值消费服务方便、快捷<br/><br/> &nbsp; &nbsp;二、浩沙运动服饰用品 <br/><br/> &nbsp; &nbsp;舒适、时尚的专业浩沙运动服饰及运动装备<br/><br/> &nbsp; &nbsp;三、更衣室 <br/><br/> &nbsp; &nbsp;宽敞舒适的更衣室，完善的淋浴设施，免费的日用储物柜及月租私人储物柜<br/><br/> &nbsp; &nbsp;四、免费网吧 <br/><br/> &nbsp; &nbsp;让您在健身前后，甚至在做运动时，都能够时刻连线，接通网络世界<br/><br/> &nbsp; &nbsp;五、流动暖吧 <br/><br/> &nbsp; &nbsp;在寒冷的冬季为您提供免费热饮<br/><br/> &nbsp; &nbsp;六、免费休息区 <br/><br/> &nbsp; &nbsp;在运动之余让您得到身心放松<br/></p>', '2014-04-17 15:35:30', '2014-05-07 17:36:47', 1, 2, 'madiks', 1);

-- --------------------------------------------------------

--
-- 表的结构 `activity`
--

CREATE TABLE IF NOT EXISTS `activity` (
  `id` int(11) NOT NULL AUTO_INCREMENT,
  `title` varchar(300) DEFAULT NULL COMMENT '活动名称',
  `desc` varchar(500) DEFAULT NULL COMMENT '简介',
  `content` text COMMENT '活动内容',
  `createtime` datetime DEFAULT NULL,
  `updatetime` datetime DEFAULT NULL,
  `type` int(11) DEFAULT NULL COMMENT '1表示正常活动，2表示优惠活动',
  `author` varchar(200) DEFAULT NULL COMMENT '活动创建者名称',
  `aid` int(11) DEFAULT NULL COMMENT '管理员id',
  `sid` int(11) DEFAULT NULL COMMENT '店铺id',
  `sname` varchar(200) DEFAULT NULL COMMENT '店铺名',
  `status` int(11) DEFAULT NULL,
  PRIMARY KEY (`id`)
) ENGINE=InnoDB  DEFAULT CHARSET=utf8 AUTO_INCREMENT=4 ;

--
-- 转存表中的数据 `activity`
--

INSERT INTO `activity` (`id`, `title`, `desc`, `content`, `createtime`, `updatetime`, `type`, `author`, `aid`, `sid`, `sname`, `status`) VALUES
(1, '关注鼎龙健身微信公众平台', ' 关注鼎龙健身微信公众平台,扫一扫  服务、优惠少不了', '<div style="text-align: center; "><img src="/userfiles/image/8.jpg" width="0" height="0" alt=""><br>\r\n<img src="http://localhost/webfan/public/upload/8.jpg" width="258" height="258" alt=""><br>\r\n<strong><span style="font-size: x-large; ">扫一扫 &nbsp;服务、优惠少不了</span></strong></div>', '2014-04-17 12:45:24', '2014-04-17 12:45:29', 1, NULL, NULL, NULL, '总店', 1),
(2, '鼎龙健身欢迎你QQ群今日成立了', '鼎龙健身欢迎您 QQ群 今日成立了,欢迎加入', '<div class="cc1">\r\n                    <h3 style="color: red; text-align: center; "><span style="font-size: x-large; ">鼎龙健身欢迎您 QQ群 今日成立了</span></h3>\r\n<br>\r\n<h3 style="color: red; text-align: center; "><span style="font-size: medium; ">鼎龙健身欢迎您QQ群号：129102240</span></h3>\r\n<br>\r\n&nbsp; &nbsp; &nbsp;鼎龙健身俱乐部自2009年成立以来，凭借雄厚的实力和规范的管理，俱乐部得以迅速发展。目前鼎龙健身在大连拥有高新园区数码广场店、西安路君安国际店、和平现代城店三家成熟会所，第四家店海事大学店也正在紧张的筹备中。<br>\r\n&nbsp; &nbsp; &nbsp;为了使我们的俱乐部更加亲民化，现建设“鼎龙健身欢迎您QQ群”，无论您是否是我们的会员，只要您对健身感兴趣，都欢迎您的加入，让我们共同学习，共同进步，为更多的健身爱好者打造更舒适健身环境。\r\n                </div>', '2014-04-17 12:47:02', '2014-04-17 12:47:05', 1, NULL, NULL, NULL, '总店', 1),
(3, '一人办卡 全家健身', '贺鼎龙健身品牌成立三周年 西安路店特推出“一人办卡 全家健身 元芳你怎么看？:D”', '<h><big><h3><big>wqwkqkwkqkwkqkwdklsjdasjdasd. &nbsp; &nbsp;sas</big></h3><h3><big>askdaisjd. &nbsp; &nbsp; &nbsp;&nbsp;</big></h3><h3><big>办卡健身。ss</big></h3><h3><big><img src="http://localhost/webfan/ueditor/php/upload1/20140507/1399460519811364.png" title="无标题.png"/>&nbsp;&nbsp;&nbsp;</big></h3></big></h>', '2014-04-17 12:48:10', '2014-05-07 19:02:13', 1, 'madiks', 1, NULL, '所有店面', 1);

-- --------------------------------------------------------

--
-- 表的结构 `admin`
--

CREATE TABLE IF NOT EXISTS `admin` (
  `id` int(11) NOT NULL AUTO_INCREMENT,
  `uname` char(255) DEFAULT NULL,
  `pass` char(255) DEFAULT NULL,
  `lastlogin` char(255) DEFAULT NULL,
  `update_time` datetime DEFAULT NULL,
  PRIMARY KEY (`id`)
) ENGINE=InnoDB  DEFAULT CHARSET=utf8 AUTO_INCREMENT=2 ;

--
-- 转存表中的数据 `admin`
--

INSERT INTO `admin` (`id`, `uname`, `pass`, `lastlogin`, `update_time`) VALUES
(1, 'madiks', '939314105ce8701e67489642ef4d49e8', NULL, '2014-05-10 09:54:10');

-- --------------------------------------------------------

--
-- 表的结构 `bookrecord`
--

CREATE TABLE IF NOT EXISTS `bookrecord` (
  `id` int(11) NOT NULL AUTO_INCREMENT,
  `uid` int(11) DEFAULT NULL,
  `uname` varchar(200) DEFAULT NULL,
  `cname` varchar(400) DEFAULT NULL,
  `cid` int(11) DEFAULT NULL,
  `coach` varchar(500) DEFAULT NULL,
  `shopname` varchar(200) DEFAULT NULL,
  `time` varchar(200) DEFAULT NULL,
  `createtime` datetime DEFAULT NULL,
  PRIMARY KEY (`id`)
) ENGINE=InnoDB  DEFAULT CHARSET=utf8 AUTO_INCREMENT=5 ;

--
-- 转存表中的数据 `bookrecord`
--

INSERT INTO `bookrecord` (`id`, `uid`, `uname`, `cname`, `cid`, `coach`, `shopname`, `time`, `createtime`) VALUES
(1, 1, 'adiks', '课程nag1', 1, '小王', '西安大路店', '每周3', '2014-05-09 12:06:15'),
(4, 4, 'madiks', '课程nag1', 1, '小王', '西安大路店', '每周3', '2014-05-10 09:56:46');

-- --------------------------------------------------------

--
-- 表的结构 `course`
--

CREATE TABLE IF NOT EXISTS `course` (
  `id` int(11) NOT NULL AUTO_INCREMENT,
  `keyword` varchar(255) DEFAULT NULL,
  `subtitle` varchar(255) DEFAULT NULL,
  `title` varchar(300) DEFAULT NULL,
  `name` varchar(255) DEFAULT NULL COMMENT '课程名',
  `content` text COMMENT '内容',
  `createtime` datetime DEFAULT NULL COMMENT '创建时间',
  `status` int(1) DEFAULT NULL COMMENT '状态',
  `price` decimal(10,0) DEFAULT NULL COMMENT '价格',
  `img` char(255) DEFAULT NULL COMMENT '图片链接',
  `type` int(11) DEFAULT NULL COMMENT '课程类型',
  `teacherlist` char(255) DEFAULT NULL,
  PRIMARY KEY (`id`)
) ENGINE=InnoDB  DEFAULT CHARSET=utf8 AUTO_INCREMENT=9 ;

--
-- 转存表中的数据 `course`
--

INSERT INTO `course` (`id`, `keyword`, `subtitle`, `title`, `name`, `content`, `createtime`, `status`, `price`, `img`, `type`, `teacherlist`) VALUES
(1, NULL, ' About Personal Training', '关于私教', '关于私教', '<p> &nbsp; &nbsp;教练是您最专业的陪练 <br><br> &nbsp; &nbsp;拥有私人教练使您有更富足的学习时间 &nbsp;<br><br> &nbsp; &nbsp;私人教练对您进行个别化指导 <br><br> &nbsp; &nbsp;私人教练可以使您更有安全保障 <br><br> &nbsp; &nbsp;私人教练可以给您健身的动力 <br><br> &nbsp; &nbsp;私人教练可以让您的健身过程连续性 <br><br> &nbsp; &nbsp;私人教练可以为您的特殊需要做专业指导 <br><br> &nbsp; &nbsp;私人教练可以为您制定营养饮食计划 <br><br> &nbsp; &nbsp;私人教练可以为您提供运动后的伸展和放松 <br><br> &nbsp; &nbsp;拥有私人教练可以让您增强自信 <br><br> &nbsp; &nbsp;浩沙健身教练部本着“最好的销售是服务，最好的服务是专业”的核心竞争力，重视教练专业打造。所有教练均获得由国家体育总局颁发的健身教练国家职业资格证书，选拨和培养一批专业强、爱学习的业务骨干组建浩沙健身专业训导师团队，并鼓励训导师参加国家健身教练考评员和培训师学习，先已有十几名训导师获得了国家健身教练培训师和考评员。浩沙健身私教部以专业化、职业化、数字化的管理理念正在为我们书写健身新篇章。 <br><br> &nbsp; &nbsp;2011中国国家职业健身教练专业大会圆满落下帷幕，浩沙健身教练总监吴承翰先生在开幕式做重要讲话，作为此次大会合作赞助单位，浩沙不仅派出了强大的教练阵容同时也斩获诸多奖项殊荣，在中国健身界掀起一股专业提升的热潮。本着“最好的服务是专业”的理念，浩沙健身教练部力求为会员带来更专业更有效的健身指导服务。</p>', '2014-04-16 14:37:30', 1, NULL, NULL, 1, NULL),
(2, NULL, 'Personal Training Services', '私教服务', '私教服务', '<div><p style="text-align:center;"><img src="/uploads/posts/9e0ecf758b764fc75b7fd05256dfe1db.jpg" title="私教好处-01_副本.jpg"></p></div>', '2014-04-16 14:40:27', 1, NULL, NULL, 1, NULL),
(3, NULL, 'Assistance Classes', '辅助类 ', '辅助类 ', '<div style="padding-top: 20px; padding-bottom: 10px">\r\n		    			<div style="height: 220px; margin-bottom: 10px">\r\n				<div class="left" style="width: 299px">\r\n					<img src="/uploads/posts/ded48dba384f2a253781c38b3327fd4d.jpg" width="299" height="220" border="0">\r\n				</div>\r\n				<div class="tc_jieshao">\r\n					<div class="f_red">FIT BALL 健身球</div>\r\n					<div><p> &nbsp; &nbsp;FIT BALL健身球—训练人的运动神经及平衡能力。同时也更能提高心肺功能练习，达到最佳的健身效果。音乐风格多样，球上动作新颖，课程设计丰富，可以同爱人、子女甚至父母一起“玩”，更好的增进情感沟通。</p></div>\r\n				</div>\r\n			</div>\r\n						<div style="height: 220px; margin-bottom: 10px">\r\n				<div class="left" style="width: 299px">\r\n					<img src="/uploads/posts/72038295f1ff856865906295912c7aa3.jpg" width="299" height="220" border="0">\r\n				</div>\r\n				<div class="tc_jieshao">\r\n					<div class="f_red">PILATES 普拉提</div>\r\n					<div><p> &nbsp; &nbsp;PILATES普拉提—Pilates把东方的柔和西方的刚毅二者之长合二为一,它的动作缓慢、有节奏，每个姿势都必需和呼吸协调，所以普拉提适合任何年龄，特别是缺少运动、长时间需要接触电脑和朝九晚五的上班族的人士。伸展也是Pilates中主要训练之一，其特殊之处就是肌肉不会经运动后导致发达，通过对身体核心部位的锻炼，使脊柱变的柔软有韧性。所以Pilates运动不但改善了身体线条，还对矫正颈部和脊髓起到好的效果。</p></div>\r\n				</div>\r\n			</div>\r\n			        </div>', '2014-04-17 10:01:07', 1, NULL, NULL, 2, NULL),
(4, NULL, 'Functional Classes', '功能类', '功能类', '<div style="padding-top: 20px; padding-bottom: 10px">\r\n		    			<div style="height: 220px; margin-bottom: 10px">\r\n				<div class="left" style="width: 299px">\r\n					<img src="/uploads/posts/ded48dba384f2a253781c38b3327fd4d.jpg" width="299" height="220" border="0">\r\n				</div>\r\n				<div class="tc_jieshao">\r\n					<div class="f_red">FIT BALL 健身球</div>\r\n					<div><p> &nbsp; &nbsp;FIT BALL健身球—训练人的运动神经及平衡能力。同时也更能提高心肺功能练习，达到最佳的健身效果。音乐风格多样，球上动作新颖，课程设计丰富，可以同爱人、子女甚至父母一起“玩”，更好的增进情感沟通。</p></div>\r\n				</div>\r\n			</div>\r\n						<div style="height: 220px; margin-bottom: 10px">\r\n				<div class="left" style="width: 299px">\r\n					<img src="/uploads/posts/72038295f1ff856865906295912c7aa3.jpg" width="299" height="220" border="0">\r\n				</div>\r\n				<div class="tc_jieshao">\r\n					<div class="f_red">PILATES 普拉提</div>\r\n					<div><p> &nbsp; &nbsp;PILATES普拉提—Pilates把东方的柔和西方的刚毅二者之长合二为一,它的动作缓慢、有节奏，每个姿势都必需和呼吸协调，所以普拉提适合任何年龄，特别是缺少运动、长时间需要接触电脑和朝九晚五的上班族的人士。伸展也是Pilates中主要训练之一，其特殊之处就是肌肉不会经运动后导致发达，通过对身体核心部位的锻炼，使脊柱变的柔软有韧性。所以Pilates运动不但改善了身体线条，还对矫正颈部和脊髓起到好的效果。</p></div>\r\n				</div>\r\n			</div>\r\n<div style="padding-top: 20px; padding-bottom: 10px">\r\n		    			<div style="height: 220px; margin-bottom: 10px">\r\n				<div class="left" style="width: 299px">\r\n					<img src="/uploads/posts/b9ed749b45e33ef4fbf46b4cc85cec43.jpg" width="299" height="220" border="0">\r\n				</div>\r\n				<div class="tc_jieshao">\r\n					<div class="f_red">BODY ATTACK 莱美高击冲</div>\r\n					<div><p> &nbsp; BODY ATTACK 莱美高击冲 这是一种高强度的间歇性训练课程，可以增进锻炼者的力量和耐力，还能将力量性和稳定性的练习融于有氧运动中。 </p></div>\r\n				</div>\r\n			</div>\r\n						<div style="height: 220px; margin-bottom: 10px">\r\n				<div class="left" style="width: 299px">\r\n					<img src="/uploads/posts/519296b762ddd9e8371a02c41b4bd81e.jpg" width="299" height="220" border="0">\r\n				</div>\r\n				<div class="tc_jieshao">\r\n					<div class="f_red">BODY STEP 莱美踏板</div>\r\n					<div><p> &nbsp; BODY STEP 莱美踏板 &nbsp;一项简单易学的充满乐趣、结合运动技巧，使用可调节的踏板，并在音乐中不断以踏板进行上板下板的运动项目。增强下肢力量，增强心肺功能与协调性，并充分调节上下肢的 功能性力量对比。</p></div>\r\n				</div>\r\n			</div>\r\n						<div style="height: 220px; margin-bottom: 10px">\r\n				<div class="left" style="width: 299px">\r\n					<img src="/uploads/posts/0438a08a902a243739b084958a03d6f6.jpg" width="299" height="220" border="0">\r\n				</div>\r\n				<div class="tc_jieshao">\r\n					<div class="f_red">RPM 动感单车</div>\r\n					<div><p> &nbsp; RPM 动感单车 脂肪燃烧弹，新潮的室内自行车项目，被称之为“脂肪燃烧弹”，拥有最流行的音乐创造的一流运动氛围，是最激动人心的莱美项目之一。</p></div>\r\n				</div>\r\n			</div>\r\n						<div style="height: 220px; margin-bottom: 10px">\r\n				<div class="left" style="width: 299px">\r\n					<img src="/uploads/posts/f8573d51a5e77355e7ba5a9ef2958e1a.jpg" width="299" height="220" border="0">\r\n				</div>\r\n				<div class="tc_jieshao">\r\n					<div class="f_red">BODY BALANCE 莱美平衡 </div>\r\n					<div><p> &nbsp; BODY BALANCE 莱美平衡 将传统瑜伽、太极和普拉提融合在一起的身心训练项目。配合悠扬的音乐进行集体健身训练，对身体各主要肌肉群进行伸展和拉伸。</p></div>\r\n				</div>\r\n			</div>\r\n						<div style="height: 220px; margin-bottom: 10px">\r\n				<div class="left" style="width: 299px">\r\n					<img src="/uploads/posts/49b3af5cff57811e0629a189c62e06d6.jpg" width="299" height="220" border="0">\r\n				</div>\r\n				<div class="tc_jieshao">\r\n					<div class="f_red">BODY COMBAT 莱美搏击</div>\r\n					<div><p> &nbsp; BODY COMBAT 莱美搏击 &nbsp;将中国武术、泰拳、西洋拳击、空手道、跆拳道等结合在一起，精心设计的动作套路配以动感的音乐，将带给您前所未有的体能与精神的挑战；让您随心所欲地进行体能训练，体会激情、力量和气势。</p></div>\r\n				</div>\r\n			</div>\r\n						<div style="height: 220px; margin-bottom: 10px">\r\n				<div class="left" style="width: 299px">\r\n					<img src="/uploads/posts/5866ec3c87e5cbd9919b89ab0fe23b75.jpg" width="299" height="220" border="0">\r\n				</div>\r\n				<div class="tc_jieshao">\r\n					<div class="f_red">BODYPUMP 莱美杠铃</div>\r\n					<div><p> &nbsp; &nbsp;BODYPUMP 莱美杠铃 &nbsp;世界上最快塑造形体、减少脂肪的运动。它成功地将杠铃引入操房，运用杠铃达到良好的塑身效果，将有氧运动与无氧运动完美结合，带来了集体健身的革命性突破。</p></div>\r\n				</div>\r\n			</div>\r\n			        </div>', '2014-04-17 10:04:02', 1, NULL, NULL, 2, NULL),
(5, NULL, ' Physical Classes', '体能类', '体能类', '<div class="left" style="width: 299px">\r\n					<img src="/uploads/posts/4316331062d1addf71f0531a77d04656.jpg" width="299" height="220" border="0">\r\n				</div>', '2014-04-17 10:05:04', 1, NULL, NULL, 2, NULL),
(6, NULL, 'Swimming Services', '游泳服务', '游泳服务', '<div><p>游泳私人教练能够提供足够专业知识的帮助，量身制定科学方案，缩短达到学会游泳目标的时间。<br><br>•游泳私人教练专业指导能帮助学员在学习中少走弯路，及时正确的处理特殊情况，避免错误动作。<br><br>•游泳私人教练的预约制度能积极鼓励帮助学员克服懒惰心理，降低半途而废的发生率。<br><br>•游泳私人教练可为学员安排合理的学习方法，避开游泳高峰的无为等待，降低学员的时间成本。<br><br>游泳的好处<br><br>•增强心肌功能<br><br> &nbsp; &nbsp;人在水中运动时，各器官都参与其中，耗能多，血液循环也随之加快，以供给运动器官更多的营养物质。血液速度的加快，会增加心脏的负荷，使其跳动频率加快，收缩强而有力。经常游泳的人，心脏功能极好。一般人的心率为70——80次/分，每搏输出量为60——80毫升。而经常游泳的人心率可达50——55次/分，很多优秀的游泳运动员，心率可达38——46次/分，每搏输出量高达90——120毫升。游泳时水的作用使肢体血液易于回流心脏，使心率加快。长期游泳会有明显的心脏运动性增大，收缩有力，血管壁厚度增加弹性加大，每搏输出血量增加。所以，游泳可以锻炼出一颗强而有力的心脏。<br><br>•增强抵抗力<br><br> &nbsp; &nbsp;游泳池的水温常为26度到28度，在水中浸泡散热快，耗能大。为尽快补充身体散发的热量，以供冷热平衡的需要，神经系统便快速做出反应，使人体新陈代谢加快，增强人体对外界的适应能力，抵御寒冷。经常参加冬泳的人，由于体温调节功能改善，就不容易伤风感冒，还能提高人体内分泌功能，是脑垂体功能增加，从而提高对疾病的抵抗力和免疫力。<br><br>•减肥<br><br> &nbsp; &nbsp;游泳时身体直接浸泡在水中，水不仅阻力大，而且导热性能也非常好，散热速度快，因而消耗热量多。就好比一个刚煮熟的鸡蛋，在空气中的冷却速度，远远不如在冷水中快，实验证明：人在标准游泳池中跑步20分钟所消耗的热量，相当于同样速度在陆地上的1小时，在14度的水中停留1分钟所消耗的热量高达100千卡，相当于在同温度空气中1小时所散发的热量。由此可见，在水中运动，会使许多想减肥的人，取得事半功倍的效果，所以，游泳是保持身材最有效的运动之一。<br><br>•健美形体<br><br>　　人在游泳时，通常会利用水的浮力俯卧或仰卧于水中，全身松弛而舒展，使身体得到全面、匀称、协调的发展，使肌肉线条流畅。在水中运动由于减少了地面运动时地对骨骼的冲击性，降低了骨骼的老损机率，使骨关节不易变形。水的阻力可增加人的运动强度，但这种强度，又有别于陆地上的器械训练，是很柔和的，训练的强度又很容易控制在有氧域之内，不会长出很生硬的肌肉块，可以使全身的线条流畅，优美。<br><br>•加强肺部功能<br><br> &nbsp; &nbsp;呼吸主要靠肺，肺功能的强弱由呼吸肌功能的强弱来决定，运动是改善和提高肺活量的有效手段之一。据测定：游泳时人的胸部要受到12—15公斤的压力，加上冷水刺激肌肉紧缩，呼吸感到困难，迫使人用力呼吸，加大呼吸深度，这样吸入的氧气量才能满足机体的需求。一般人的肺活量大概为3200毫升，呼吸差（最大吸气与最大呼气时胸围扩大与缩小之差）仅为4—8厘米，剧烈运动时的最大吸氧量为2.5——3升/分，比安静时大10倍；而游泳运动员的肺活量可高达4000—7000毫升，呼吸差达到12—15厘米，剧烈运动时的最大吸氧量为4.5——7.5升/分，比安静时增大20倍。游泳促使人呼吸肌发达，胸围增大，肺活量增加，而且吸气时肺泡开放更多，换气顺畅，对健康极为有利。<br><br>•护肤 <br><br> &nbsp; &nbsp;人在游泳时，水对肌肤、汗腺、脂肪腺的冲刷，起到了很好的按摩作用，促进了血液循环，使皮肤光滑有弹性。此外，在水中运动时，大大减少了汗液中盐分对皮肤的刺激。<br><br></p></div>', '2014-04-17 10:06:21', 1, NULL, NULL, 3, NULL),
(7, NULL, 'About Hosa Jing Yoga', '静心堂瑜伽介绍', '静心堂瑜伽', '<p>&amp;nbsp &nbsp;&nbsp;静心堂瑜伽成立于2003年,目前已拥有着一个实力强大的导师团队及教学团队，至今已有数千名的瑜伽爱好者跟随着这个团队习练至今，使这些爱好者无论从身体还是心灵都有了翻天覆地的改变，静心堂里没有奢华的装修布置，但有一个能够让人的心完全放下，重新静思、回归本心的修习氛围，这就是静心堂一路走来快乐、幸福、笑声始终时时刻刻伴随着着每位伽友和每位老师，在这里就是每位伽友和老师的静心之地、温暖的家。</p><p><br/></p><p><br/></p><p><br/> &nbsp; &nbsp;静心堂每位老师意识到推广瑜伽不是一种趣味的流连，而应该是一种责任的付出，多年来整体的教学团队致力于推广和传播瑜伽的文化的精髓思想，使得越来越多的人通过瑜伽的修炼得到身心健康的发展。瑜伽老师的教学素质，相关的知识领域及实际教学能力对习练者具有高度的影响力。在这个教学团队的身后，都有一个精彩的瑜伽与生命的故事，在他们的心中，充溢着对瑜伽的激情与感恩，他们的行为，为今天的瑜伽潮流注入积极的影响力。已成为最具影响力的瑜伽会所。<br/></p><p><br/></p><p><br/></p><p><img src="http://localhost/webfan/ueditor/php/upload1/20140509/1399649819102850.jpg" title="00000000000000013.jpg"/></p>', '2014-05-09 23:37:03', 1, NULL, NULL, 4, NULL),
(8, NULL, '测试副标题sub', '测试标题', '测试二级', '<p>阿斯阿斯哈d</p><p>阿什顿</p><p>安圣基大四。</p><p><img src="http://localhost/webfan/ueditor/php/upload1//20140505/1399266072322652.jpg"/></p><p>okok</p>', '2014-05-08 10:27:53', 1, NULL, NULL, 7, NULL);

-- --------------------------------------------------------

--
-- 表的结构 `course_she`
--

CREATE TABLE IF NOT EXISTS `course_she` (
  `id` int(11) NOT NULL AUTO_INCREMENT COMMENT '课程分类',
  `cname` varchar(300) DEFAULT NULL COMMENT '课程名',
  `coach` varchar(300) DEFAULT NULL COMMENT '教练列表',
  `sid` int(11) DEFAULT NULL COMMENT '店铺id',
  `shopname` varchar(300) DEFAULT NULL,
  `time_start` datetime DEFAULT NULL COMMENT '预约开始时间',
  `time_end` datetime NOT NULL COMMENT '预约结束时间',
  `limit` int(11) DEFAULT NULL COMMENT '人数限制',
  `hasjoin` int(11) DEFAULT NULL COMMENT '已预定人数',
  `time` varchar(500) DEFAULT NULL COMMENT '课程时间',
  `status` int(1) DEFAULT NULL COMMENT '是否可选',
  `createtime` datetime DEFAULT NULL,
  `author` varchar(200) DEFAULT NULL,
  `aid` int(11) DEFAULT NULL,
  PRIMARY KEY (`id`)
) ENGINE=InnoDB  DEFAULT CHARSET=utf8 AUTO_INCREMENT=2 ;

--
-- 转存表中的数据 `course_she`
--

INSERT INTO `course_she` (`id`, `cname`, `coach`, `sid`, `shopname`, `time_start`, `time_end`, `limit`, `hasjoin`, `time`, `status`, `createtime`, `author`, `aid`) VALUES
(1, '课程nag1', '小王', 1, '西安大路店', '2014-05-08 23:24:54', '2014-05-11 23:24:57', 100, 2, '每周3', 1, '2014-05-09 11:40:19', 'madiks', 1);

-- --------------------------------------------------------

--
-- 表的结构 `course_type`
--

CREATE TABLE IF NOT EXISTS `course_type` (
  `id` int(11) NOT NULL AUTO_INCREMENT,
  `createtime` datetime DEFAULT NULL COMMENT '创建时间',
  `type` varchar(200) DEFAULT NULL COMMENT '分类名',
  `count` int(11) DEFAULT NULL COMMENT '分类课程数量',
  PRIMARY KEY (`id`)
) ENGINE=InnoDB  DEFAULT CHARSET=utf8 AUTO_INCREMENT=8 ;

--
-- 转存表中的数据 `course_type`
--

INSERT INTO `course_type` (`id`, `createtime`, `type`, `count`) VALUES
(1, '2014-05-08 08:59:23', '私教课程i', NULL),
(2, '2014-05-08 08:58:32', '团操课程', NULL),
(3, '2014-04-16 14:28:31', '游泳课程', NULL),
(4, '2014-05-08 08:59:39', '瑜伽课程o', NULL),
(7, '2014-05-08 09:30:25', '分类测试', NULL);

-- --------------------------------------------------------

--
-- 表的结构 `fitness`
--

CREATE TABLE IF NOT EXISTS `fitness` (
  `id` int(11) NOT NULL AUTO_INCREMENT,
  `title` varchar(300) DEFAULT NULL COMMENT '标题',
  `content` text COMMENT '健身常识内容',
  `createtime` datetime DEFAULT NULL,
  `updatetime` datetime DEFAULT NULL,
  `status` int(1) DEFAULT NULL,
  `author` varchar(300) DEFAULT NULL COMMENT '创建者名称',
  `aid` int(11) DEFAULT NULL COMMENT '管理员id',
  PRIMARY KEY (`id`)
) ENGINE=InnoDB  DEFAULT CHARSET=utf8 AUTO_INCREMENT=7 ;

--
-- 转存表中的数据 `fitness`
--

INSERT INTO `fitness` (`id`, `title`, `content`, `createtime`, `updatetime`, `status`, `author`, `aid`) VALUES
(1, '健身不是心血来潮 突击健身太害人！', '<div style="padding-top: 20px; padding-bottom: 10px"><div style="text-align:center" id="media" class="media"><img style="width:500px;height:500px" border="0" hspace="0" src="http://mmbiz.qpic.cn/mmbiz/UfOhtiauqGkgWlJdhxM48IRELuwzDWkeBkxFCvRK7iaibiaI0GL7v0MLD2eguedJXwfXpwIECIyFjRBQQB8MA5Nv7Q/0" width="500" height="500">&nbsp;</div><div class="text"><p>每逢周末、假期，一些不常健身的人时有强身健体、瘦身健美的想法。他们会突然到健身会所办理健身卡，体验健身运动，希望通过高强度运动短时间内达到健身的效果。可专家认为适当运动才是正道，突击且过度运动带给人们的可能就是危害健康、危及生命。</p><p><br></p><p style="text-align:center"><img style="width:500px;height:333px" border="0" hspace="0" src="http://mmbiz.qpic.cn/mmbiz/UfOhtiauqGkgWlJdhxM48IRELuwzDWkeBFkJnAA0OPNia65qoI3Mre7oAsmKO6Ek2y8zIGtFSdKibYDb576ZP3d4w/0" width="500" height="333" data-src="http://mmbiz.qpic.cn/mmbiz/UfOhtiauqGkgWlJdhxM48IRELuwzDWkeBFkJnAA0OPNia65qoI3Mre7oAsmKO6Ek2y8zIGtFSdKibYDb576ZP3d4w/0"></p><p><br></p><p><strong>案例一</strong><br>　　<br><span style="color:#5F497A">28岁的白女士办了张健身卡，目的是甩掉肚子上的一圈肥肉，迎接夏天来临。接下来的日子，一到周末她就泡在健身房里，有时候在跑步机上一跑就是三四个钟头。不想，几天夜里，运动完回家的她，突然出现呕吐、胸闷、胸痛、全身乏力的症状，以为休息一会儿就能好，但接下来情况更严重了。白女士连夜赶往南京市中医院，一查，她居然得了“横纹肌肉溶解症”。<br><br>“她当时呼吸急促，嘴唇轻度紫绀，查过心电图，结果为窦性心动过速。”南京市中医院急诊科医生方媛说，而当时她的肌酸激酶升高得更为明显。最终，白女士被诊断为运动性横纹肌溶解症。<br><br>有些患者平时缺乏锻炼，突然的大运动量，导致肌肉无法承担压力。“突击的剧烈运动，加上运动过程不注意补充水分，才容易引发这些病症。”方媛指出，从医院门诊的情况看来，患者以年轻人尤其是白领女性和年轻人居多，这两类人群最容易出现“突击”锻炼的情况。</span></p><p><br></p><p style="text-align:center"><img style="width:500px;height:333px" border="0" hspace="0" src="http://mmbiz.qpic.cn/mmbiz/UfOhtiauqGkgWlJdhxM48IRELuwzDWkeBl6WIvdMRGgqHegW8aV5UEXOxYVPI5MFFWCuYdibqiaYKZjAtnT9txX8g/0" width="500" height="333" data-src="http://mmbiz.qpic.cn/mmbiz/UfOhtiauqGkgWlJdhxM48IRELuwzDWkeBl6WIvdMRGgqHegW8aV5UEXOxYVPI5MFFWCuYdibqiaYKZjAtnT9txX8g/0"><span style="color:#5F497A"></span></p><p><span style="color:#5F497A"><span style="color:#000000"><strong><br></strong></span></span></p><p><span style="color:#5F497A"><span style="color:#000000"><strong>案例二</strong></span><br><br>“有个患者只是在夜里做了个仰卧起坐，他的心血管就爆了。”龚和禾介绍，不过这些患者大多都是原先就有高血压症状，平时不是非常注意，这大多发生在中老年患者身上。对于年轻人来说，出现脑出血的情况并不多见，即使有，也多是血管畸形造成的，由于前期没有明显症状，因此年轻人因血管畸形引发的脑出血很多时候都是猝不及防的。<br><br>“大量的脑出血主要是因为脑内畸形血管在颅内血压突然增高下，猛然破裂出血。”南京市第一医院心内科的主任医师龚和禾指出，造成颅压增高有多种原因，比如喝酒、劳累、情绪激动，蹲、弯腰、起身或突然改变体位等等。可以说，突击的运动成为造成高血压患者突发脑血管大出血的主要“杀手之一”。</span><br><br><span style="color:#5F497A">“如果不及时治疗可能还会留下偏瘫等后遗症。”龚和禾建议，除了适当运动外，年轻人还应当及时测量血压。而在运动后，如果市民有不适感，务必及时就医，“特别是那些高血压患者。”</span><br><br><strong><span style="color:#FF0000">建议</span></strong><br><br>“假期突击”锻炼已经成为不少都市人的常态，突然拿出时间集中锻炼，反而打破了已经形成的生理和机体平衡。“现在很多人为了瘦身加大健身的锻炼强度，甚至将强度推到了极端，达到了医学上的危险界线。”南京市中医院减肥门诊专家李静说，正确认识运动，抛开减肥、考试等“功利”的想法去运动，才可以在一定程度上避免运动伤害。<br><br>最好的健身方法还是坚持有规律的、经常性的锻炼。长期缺乏运动的人群或是亚健康的人群，运动中需要注意几点，<strong><span style="color:#5F497A">一是运动时间要由少到多地递增。二是每周保证一定的次数，最好不少于两次。如果有条件的话，可以找健身教练帮忙制定一个运动计划表，科学开展运动。</span></strong>在身体不适的情况下，则不要勉强坚持运动。</p><p><br></p></div></div>', '2014-04-17 15:53:44', '2014-04-17 15:53:48', 1, NULL, NULL),
(2, '照吃必瘦！7大水果排毒减肥法', '<div style="padding-top: 20px; padding-bottom: 10px"><p>1、番茄轻松减肥法</p><p style="text-align:center"><br><img style="width:500px;height:360px" border="0" hspace="0" src="http://mmbiz.qpic.cn/mmbiz/UfOhtiauqGkiaT5qH3KT9GUz3HLebicraicCAzIVmnfcSTZ3aGCMuCWDW2f9grCAHWqWtHbIXnKMJ3LCDj80SnlgKw/0" width="500" height="360" data-src="http://mmbiz.qpic.cn/mmbiz/UfOhtiauqGkiaT5qH3KT9GUz3HLebicraicCAzIVmnfcSTZ3aGCMuCWDW2f9grCAHWqWtHbIXnKMJ3LCDj80SnlgKw/0">&nbsp;</p><p>番茄水分很多，食用番茄可以有饱腹感，并且卡路里又很低(每200克含30卡路里)，所以番茄用来减肥很合适。</p><p><br>但是番茄除了维他命c以外就别无其他的营养成分了，因此最好的番茄减肥吃法是：早餐和午餐照食并要注意均衡营养，平均每餐约600卡路里，晚餐就可以用番茄来代替。这样轻轻松松就可以将每日的卡路里保持在1400左右。</p><p><br>2、苹果减肥法</p><p style="text-align:center"><br><img style="width:500px;height:325px" border="0" hspace="0" src="http://mmbiz.qpic.cn/mmbiz/UfOhtiauqGkiaT5qH3KT9GUz3HLebicraicC525YWib7ibMeSib8YE20XQcrpiaLuZldyhk3Tx7IA8MZU9Oic8DPHJgSm5Q/0" width="500" height="325" data-src="http://mmbiz.qpic.cn/mmbiz/UfOhtiauqGkiaT5qH3KT9GUz3HLebicraicC525YWib7ibMeSib8YE20XQcrpiaLuZldyhk3Tx7IA8MZU9Oic8DPHJgSm5Q/0">&nbsp;</p><p>节食减肥本身就是种痛苦的减肥法，而苹果地狱减肥法又被喻为节食法中最有效的。</p><p><br>方法是三天内只吃苹果，烧烤、生食、榨汁、煲汤怎么吃都可以，也不限数量，如果能坚持这样做，三天便可减掉3至5公斤肉。</p><p><br>但要注意的是：隔7日才可食用第2次，每次食用不能超过3天，否则会导致营养不良，甚至引起厌食症。3天后要食用粥或蔬菜，等身体适应了才可以开始正常饮食。</p><p style="text-align:left"><br>3、香蕉减肥</p><p style="text-align:center"><br><img style="width:500px;height:347px" border="0" hspace="0" src="http://mmbiz.qpic.cn/mmbiz/UfOhtiauqGkiaT5qH3KT9GUz3HLebicraicCxqtUKgw0BvM7Mrp1miczhoqzg1C3J6khF7LlhADPlrPiakS9r0vvvXQg/0" width="500" height="347" data-src="http://mmbiz.qpic.cn/mmbiz/UfOhtiauqGkiaT5qH3KT9GUz3HLebicraicCxqtUKgw0BvM7Mrp1miczhoqzg1C3J6khF7LlhADPlrPiakS9r0vvvXQg/0"><br></p><p>香蕉所富含的膳食纤维，能够刺激肠胃蠕动，食用一段时间发现便便变软了，排泄也更顺畅无阻了。营养师表明，每餐只吃香蕉沾蜂蜜，热量远比正常餐要低，自然就瘦了下来。</p><p><br>但是这样的快速减重，由于身体还没做好调适，若是长期缺乏蛋白质、矿物质等身体必需的营养成分，那么慢慢地你就会发觉，精神变差了，抵抗力也变弱了，接着身体就发出危险的信号，因此要小心警慎。</p><p style="text-align:left"><br>4、葡萄柚减肥</p><p style="text-align:center"><br><img style="width:500px;height:365px" border="0" hspace="0" src="http://mmbiz.qpic.cn/mmbiz/UfOhtiauqGkiaT5qH3KT9GUz3HLebicraicCW9kvvef7wvNVNdByiamMQbNzibztSqhgyE9rShajcVyhwUghCX0UlgpA/0" width="500" height="365" data-src="http://mmbiz.qpic.cn/mmbiz/UfOhtiauqGkiaT5qH3KT9GUz3HLebicraicCW9kvvef7wvNVNdByiamMQbNzibztSqhgyE9rShajcVyhwUghCX0UlgpA/0"><br></p><p>葡萄柚含有丰富的维他命c，糖分也不算太高，如果用一颗葡萄柚来代替某一餐，想必热量是当然的低，假设其他餐的热量也控制得当，坚持一段时间后，身体自然会瘦下来，但空腹食用可能受不了酸度，可能会引发肠胃疼痛。</p><p><br>葡萄柚个头较大，跟一些草莓类小体积的水果相比较，热量可就并不低了，所以如果你吃得过多的话，对健康也是不利的。</p><p><br>5、柠檬醋减肥</p><p style="text-align:center"><img style="width:500px;height:333px" border="0" hspace="0" src="http://mmbiz.qpic.cn/mmbiz/UfOhtiauqGkiaT5qH3KT9GUz3HLebicraicC3XLf3WGHX7fhCowsD4M3PiaqkF07kibmWrOP0OwqXyjKetryFEgMz0Gw/0" width="500" height="333" data-src="http://mmbiz.qpic.cn/mmbiz/UfOhtiauqGkiaT5qH3KT9GUz3HLebicraicC3XLf3WGHX7fhCowsD4M3PiaqkF07kibmWrOP0OwqXyjKetryFEgMz0Gw/0">&nbsp;</p><p style="text-align:center">柠檬醋即可以减肥也可以养颜美容，最好的食用方法还是连皮一堣榨汁饮用。柠檬耐久容易保存，并且含有丰富的维他命c，能够防止牙龈出血，同时还可减少雀斑、黑斑发生的几率，并有部分美白的功效，柠檬皮还含有丰富的钙质。</p><p><br>醋与柠檬同样具备减肥的功效，由此看来，柠檬醋的确是最能养颜美容的，也是一种健康保健食品，饭后喝上一杯可以使自己更具元气，也更加美丽窈窕。但是柠檬与醋的酸度都很高，空腹喝太过伤胃，所以要特别注意。</p><p><br></p><p>6、西瓜减肥</p><p><br></p><p style="text-align:center"><img style="width:500px;height:397px" border="0" hspace="0" src="http://mmbiz.qpic.cn/mmbiz/UfOhtiauqGkiaT5qH3KT9GUz3HLebicraicCiaxzjiarWiam5oVh6PNQTxAe25mPRYg3FETl7v21KHhVtLBKrPeibo7riaQ/0" width="500" height="397" data-src="http://mmbiz.qpic.cn/mmbiz/UfOhtiauqGkiaT5qH3KT9GUz3HLebicraicCiaxzjiarWiam5oVh6PNQTxAe25mPRYg3FETl7v21KHhVtLBKrPeibo7riaQ/0">&nbsp;</p><p style="text-align:center">西瓜有利尿、帮助消化、消水肿的作用，西瓜的水分含量，真不是普通水果能比得上的，西瓜94%以上的含量都是水分，可以有效排除体内多余的水分，帮助肾脏功能保持正常运作，并消除浮肿的状况。</p><p><br>西瓜中含有的胺机酸，具有利尿的作用，但并不是频尿，反而是帮助你上厕所的次数减少，而尿量增多，因而身体内的毒素可以顺利的排出，那么新陈代谢自然就好了，西瓜还可以帮助喝酒所引起的晕眩疲劳感，具解酒的作用。</p><p><br></p><p>7、菠萝减肥<br></p><p><br></p><p style="text-align:center"><img style="width:500px;height:345px" border="0" hspace="0" src="http://mmbiz.qpic.cn/mmbiz/UfOhtiauqGkiaT5qH3KT9GUz3HLebicraicCfXibWmaiaWsd65R96D3fu5V04SVRx1FdbnHqkEGEUbucEXpVjlMVY69w/0" width="500" height="345" data-src="http://mmbiz.qpic.cn/mmbiz/UfOhtiauqGkiaT5qH3KT9GUz3HLebicraicCfXibWmaiaWsd65R96D3fu5V04SVRx1FdbnHqkEGEUbucEXpVjlMVY69w/0"></p><p><br>香味浓郁、美味可口的菠萝能够促进蛋白质的消化，并能清理肠胃，排出身体毒素，可以帮助降低胆固醇。</p><p><br>菠萝几乎含有所有的人体所需的维生素，16种天然矿物质，并能有效帮助消化吸收。菠萝减肥的秘密在于它丰富的果汁，能有效地酸解脂肪，可以每天有效地在食物中搭配食用菠萝或饮用菠萝汁。</p><p><br>但是切忌过量或食用未经处理的生菠萝，第一容易降低味觉，刺激口腔粘膜；第二，容易导致生产菠萝蛋白酶，对此类蛋白酶过敏的人，会出现皮肤发痒等症状。<br><br>浩沙健身学院供稿<br></p></div>', '2014-04-17 15:54:16', '2014-04-17 15:54:19', 1, NULL, NULL),
(3, '三个小动作，还您美丽一翘臀', '<div style="padding-top: 20px; padding-bottom: 10px"><div style="text-align:center" id="media" class="media"><img style="width:500px;height:333px" border="0" hspace="0" src="http://mmbiz.qpic.cn/mmbiz/UfOhtiauqGkhXofqV75omayBXCaGOodvEBfVwic0h3XWYQ1Af3Rqn8ggtzbuO1jyVb0icnjoVB2gb81jybicbZJzvQ/0" width="500" height="333">&nbsp;</div><div class="text"><p><strong><span style="color:#002060">浩沙健身远洋山水店优秀教练徐平楠</span></strong></p><p><strong><span style="color:#002060"><br></span></strong></p><p><span style="color:#31859B">身高170cm体重55kg国家一级柔道运动员,亚洲体适能资格认证,动感单车教练员,普拉提教练员,黑龙江省柔道57kg冠军,柔道锦标赛57kg亚军！&nbsp;<br>擅长:减脂,塑形,产前产后恢复,改正体位,康复训练,女子防身术,提高体能！</span></p><p><span style="color:#31859B"><br></span></p><p>在家中，在办公室，只要一把椅子，轻轻松松练翘臀。<br><span style="color:#31859B"><br></span></p><p style="text-align:center"><img style="width:500px;height:500px" border="0" hspace="0" src="http://mmbiz.qpic.cn/mmbiz/UfOhtiauqGkh3ofbP26VZDDSyhpJJE2ugTKtOCNaXT5bgmqKVGsPibI9FJbbrGWVTH76eNJCtIAN29u8KzLKxR9w/0" width="500" height="500" data-src="http://mmbiz.qpic.cn/mmbiz/UfOhtiauqGkh3ofbP26VZDDSyhpJJE2ugTKtOCNaXT5bgmqKVGsPibI9FJbbrGWVTH76eNJCtIAN29u8KzLKxR9w/0"></p><p>动作名称：肩桥<br>目标肌肉:&nbsp;臀大肌<br>身体位置：平躺于垫上，双腿屈膝与髋同宽，全脚掌着地，膝盖和脚尖保持同一方向，<br>运动幅度：向上发力到臀大肌完全收紧，还原至起始位置。<br>呼吸方式：向上时向外呼气，还原时吸气。<br>运动时间：发力向上时<span style="color:#FF0000">2-4秒</span>，还原时<span style="color:#FF0000">2-4秒</span>。<br>注意事项:&nbsp;双肩下沉''保持骨盆稳定，运动时不要太快。<br></p><p style="text-align:center"><img style="width:500px;height:500px" border="0" hspace="0" src="http://mmbiz.qpic.cn/mmbiz/UfOhtiauqGkh3ofbP26VZDDSyhpJJE2ugyw5VGMLlzwUE4UL7icrqxZFNMqQsqXsibIZeR0LLwhsyWx6QsPu6Oib8Q/0" width="500" height="500" data-src="http://mmbiz.qpic.cn/mmbiz/UfOhtiauqGkh3ofbP26VZDDSyhpJJE2ugyw5VGMLlzwUE4UL7icrqxZFNMqQsqXsibIZeR0LLwhsyWx6QsPu6Oib8Q/0"></p><p>动作名称：跪姿腿屈伸<br>目标肌肉：臀大肌<br>身体位置：肘关节在肩关节的正下方，膝关节在髋关节的正下方，头和后背保持一条直线，骨盆保持中立位。<br>运动幅度：发力向上时到臀部完全收紧，还原至起始位置。<br>呼吸方式：单腿向上发力时往外呼气，还原时吸气。<br>运动时间：发力向上时<span style="color:#FF0000">2-4秒</span>，还原时<span style="color:#FF0000">2-4秒</span>。<br>注意事项：运动过程中身体稳定始终保持中立位。<br></p><p><br></p><p style="text-align:center"><img style="width:500px;height:500px" border="0" hspace="0" src="http://mmbiz.qpic.cn/mmbiz/UfOhtiauqGkh3ofbP26VZDDSyhpJJE2ugYrfT1H6Hua9ZDBNL6ictDJw4LPOicwBZYVYk0vnaQrVzfAxP1tAKSrww/0" width="500" height="500" data-src="http://mmbiz.qpic.cn/mmbiz/UfOhtiauqGkh3ofbP26VZDDSyhpJJE2ugYrfT1H6Hua9ZDBNL6ictDJw4LPOicwBZYVYk0vnaQrVzfAxP1tAKSrww/0"></p><p>动作名称：立式腿后伸<br>目标肌肉：臀大肌&nbsp;<br>身体位置：挺胸抬头，侧面看头背腿保持一条直线，收紧腹部，双脚与肩同宽。<br>运动幅度：向后摆腿时至完全收紧臀大肌，还原至起始位置。<br>呼气方式：发力时向外呼气，还原时吸气。<br>动作时间：发力时<span style="color:#FF0000">2-4秒</span>，还原时<span style="color:#FF0000">2-4秒</span>。&nbsp;<br>注意事项：腰背挺直，身体在运动时始终保持中立位。</p><p><br>每组每侧<span style="color:#FF0000">25次</span>左右，一次做<span style="color:#FF0000">三到五组</span>，只要肯坚持，三个月塑造美丽翘臀。加油吧！！！</p><p><br></p><p>浩沙健身学院供稿<br></p></div></div>', '2014-04-17 15:55:18', '2014-04-17 15:55:21', 1, NULL, NULL),
(4, '一分钟看出你缺哪种维生素', '<div style="padding-top: 20px; padding-bottom: 10px"><p align="center"><strong><img style="width:500px;height:278px" title="一分钟看出你缺哪种维生素" border="0" hspace="0" alt="一分钟看出你缺哪种维生素" src="http://mmbiz.qpic.cn/mmbiz/UfOhtiauqGkiaT5qH3KT9GUz3HLebicraicCXYiba7fWOOMxp0eC8MicIxicD0Uia3P7ZfIYpHzGg1gjwEwHQlj4B7GgRA/0" width="500" height="278" action-type="show-slide" action-data="http%3A%2F%2Fmmbiz.qpic.cn%2Fmmbiz%2FUfOhtiauqGkiaT5qH3KT9GUz3HLebicraicCXYiba7fWOOMxp0eC8MicIxicD0Uia3P7ZfIYpHzGg1gjwEwHQlj4B7GgRA%2F0" real_src="http://mmbiz.qpic.cn/mmbiz/UfOhtiauqGkiaT5qH3KT9GUz3HLebicraicCXYiba7fWOOMxp0eC8MicIxicD0Uia3P7ZfIYpHzGg1gjwEwHQlj4B7GgRA/0"></strong></p><p><strong>1、嘴破、口角炎：缺乏维生素B2</strong></p><p><br><span style="color:#31859B">维生素B2每日建议摄取量男性约1.3毫克、女性约1.1毫克。嘴部周围有裂缝、或发炎破洞情形时，是由于体内缺乏能帮助修复组织伤口的维生素B2。</span></p><p><span style="color:#31859B"><br></span></p><p><span style="color:#31859B">维生素B2此外对皮肤和头发生成、健康也扮演重要角色，它无法在体内自行储存，因此需从食物或营养补充品来补充。</span></p><p><br></p><p align="center"><img style="width:500px;height:382px" title="一分钟看出你缺哪种维生素" border="0" hspace="0" alt="一分钟看出你缺哪种维生素" src="http://mmbiz.qpic.cn/mmbiz/UfOhtiauqGkiaT5qH3KT9GUz3HLebicraicCd1jE0OQibfiaWIszVxqRwoCH7LsfxpEkgCLibA2BdjyAicLFQjrepKuuUw/0" width="500" height="382" action-type="show-slide" action-data="http%3A%2F%2Fmmbiz.qpic.cn%2Fmmbiz%2FUfOhtiauqGkiaT5qH3KT9GUz3HLebicraicCd1jE0OQibfiaWIszVxqRwoCH7LsfxpEkgCLibA2BdjyAicLFQjrepKuuUw%2F0" real_src="http://mmbiz.qpic.cn/mmbiz/UfOhtiauqGkiaT5qH3KT9GUz3HLebicraicCd1jE0OQibfiaWIszVxqRwoCH7LsfxpEkgCLibA2BdjyAicLFQjrepKuuUw/0" data-src="http://mmbiz.qpic.cn/mmbiz/UfOhtiauqGkiaT5qH3KT9GUz3HLebicraicCd1jE0OQibfiaWIszVxqRwoCH7LsfxpEkgCLibA2BdjyAicLFQjrepKuuUw/0"></p><p><span style="color:#5F497A"><br></span></p><p><strong><span style="color:#5F497A">来源：每天喝250毫升牛奶就能帮助补充，植物性食物如有香菇、木耳、花生、芝麻、杏仁等也有丰富维生素B2。</span></strong></p><p><br><strong>2、食之无味、味觉减弱：缺乏锌</strong></p><p><br><span style="color:#31859B">每日建议摄取量男性约5.5-9.5毫克、女性约4-7毫克，人体缺乏锌元素免疫力会降低、食欲不振、生长减缓、掉发、味觉功能退化等。</span></p><p><span style="color:#31859B"><br></span></p><p><span style="color:#31859B">因此如果发现常常吃东西觉得没味道，又有伤口好得慢等症状时，就要小心可能是体内缺乏锌的征兆。</span></p><p><br></p><p align="center"><img style="width:500px;height:388px" title="一分钟看出你缺哪种维生素" border="0" hspace="0" alt="一分钟看出你缺哪种维生素" src="http://mmbiz.qpic.cn/mmbiz/UfOhtiauqGkiaT5qH3KT9GUz3HLebicraicC3xfVrvRkIDBSy6JoLmTb3P7eN0uGz2I4jmZpTlYfUzY1XAh0AJe50A/0" width="500" height="388" action-type="show-slide" action-data="http%3A%2F%2Fmmbiz.qpic.cn%2Fmmbiz%2FUfOhtiauqGkiaT5qH3KT9GUz3HLebicraicC3xfVrvRkIDBSy6JoLmTb3P7eN0uGz2I4jmZpTlYfUzY1XAh0AJe50A%2F0" real_src="http://mmbiz.qpic.cn/mmbiz/UfOhtiauqGkiaT5qH3KT9GUz3HLebicraicC3xfVrvRkIDBSy6JoLmTb3P7eN0uGz2I4jmZpTlYfUzY1XAh0AJe50A/0" data-src="http://mmbiz.qpic.cn/mmbiz/UfOhtiauqGkiaT5qH3KT9GUz3HLebicraicC3xfVrvRkIDBSy6JoLmTb3P7eN0uGz2I4jmZpTlYfUzY1XAh0AJe50A/0"></p><p><span style="color:#5F497A"><br></span></p><p><strong><span style="color:#5F497A">来源：牛肉、羊肉等红肉中有丰富的锌，例如每周吃一次&nbsp;8盎司的牛排，就能摄取足够的锌。</span></strong></p><p><br><strong>3、胃部不适：缺乏维生素A</strong></p><p><br><span style="color:#31859B">每日建议摄取维生素A男性0.7毫克、女性0.6毫克，维生素A不但是保护灵魂之窗的重要元素，也能帮助在呼吸道和肠胃自然形成一层保护膜，防止细菌或有害物质直接侵害身体。</span></p><p><span style="color:#31859B"><br></span></p><p><span style="color:#31859B">因此维生素A不足，除了对眼睛不好，也会侵害呼吸道与胃肠。</span></p><p><br></p><p align="center"><img style="width:500px;height:376px" title="一分钟看出你缺哪种维生素" border="0" hspace="0" alt="一分钟看出你缺哪种维生素" src="http://mmbiz.qpic.cn/mmbiz/UfOhtiauqGkiaT5qH3KT9GUz3HLebicraicCJAvpuaFbjyYFPlVpr5LCLibUk3NFRF0PfzaU77Jh1ibkc3ecibfarxP4Q/0" width="500" height="376" action-type="show-slide" action-data="http%3A%2F%2Fmmbiz.qpic.cn%2Fmmbiz%2FUfOhtiauqGkiaT5qH3KT9GUz3HLebicraicCJAvpuaFbjyYFPlVpr5LCLibUk3NFRF0PfzaU77Jh1ibkc3ecibfarxP4Q%2F0" real_src="http://mmbiz.qpic.cn/mmbiz/UfOhtiauqGkiaT5qH3KT9GUz3HLebicraicCJAvpuaFbjyYFPlVpr5LCLibUk3NFRF0PfzaU77Jh1ibkc3ecibfarxP4Q/0" data-src="http://mmbiz.qpic.cn/mmbiz/UfOhtiauqGkiaT5qH3KT9GUz3HLebicraicCJAvpuaFbjyYFPlVpr5LCLibUk3NFRF0PfzaU77Jh1ibkc3ecibfarxP4Q/0"></p><p><span style="color:#5F497A"><br></span></p><p><strong><span style="color:#5F497A">来源：每天吃点红萝卜、或是每周吃1~2次动物肝脏也是补充维生素A的方法。</span></strong></p><p><br><strong>4、易怒、暴躁：缺乏铁质</strong></p><p><br><span style="color:#31859B">缺铁不但会贫血，还有可能让你变情绪化、容易发脾气，每日男性须摄取8.7毫克、女性14.8毫克的铁才足够。</span></p><p><span style="color:#31859B"><br></span></p><p><span style="color:#31859B">铁是帮助体内制造红血球细胞的重要元素，对于每月要经历失血的女性来说，铁质更为重要，否则容易有精神不佳、心情易低落沮丧等症状。</span></p><p><br></p><p align="center"><img style="width:500px;height:365px" title="一分钟看出你缺哪种维生素" border="0" hspace="0" alt="一分钟看出你缺哪种维生素" src="http://mmbiz.qpic.cn/mmbiz/UfOhtiauqGkiaT5qH3KT9GUz3HLebicraicCx3ckkKZSwxePYibqnbDagj3JBLsdXjjeP0iaCWlYmEukefiaLaeFGT8kQ/0" width="500" height="365" action-type="show-slide" action-data="http%3A%2F%2Fmmbiz.qpic.cn%2Fmmbiz%2FUfOhtiauqGkiaT5qH3KT9GUz3HLebicraicCx3ckkKZSwxePYibqnbDagj3JBLsdXjjeP0iaCWlYmEukefiaLaeFGT8kQ%2F0" real_src="http://mmbiz.qpic.cn/mmbiz/UfOhtiauqGkiaT5qH3KT9GUz3HLebicraicCx3ckkKZSwxePYibqnbDagj3JBLsdXjjeP0iaCWlYmEukefiaLaeFGT8kQ/0" data-src="http://mmbiz.qpic.cn/mmbiz/UfOhtiauqGkiaT5qH3KT9GUz3HLebicraicCx3ckkKZSwxePYibqnbDagj3JBLsdXjjeP0iaCWlYmEukefiaLaeFGT8kQ/0"></p><p><span style="color:#5F497A"><br></span></p><p><strong><span style="color:#5F497A">来源：红肉、鸡蛋、坚果、深绿色蔬菜都是富含铁质的食物，并记得多补充维生素C以促进铁的吸收利用。</span></strong></p><p><br><strong>5、脚踝浮肿：缺乏钾</strong></p><p><br><span style="color:#31859B">钾是调节体内血液和体液的酸碱平衡、维持体内水分平衡与渗透压稳定的重要元素。</span></p><p><span style="color:#31859B"><br></span></p><p><span style="color:#31859B">长期缺钾会导致心律不整、神经传导不正常的症状，像大量运动后由于水分流失过多，钾离子流失就容易抽筋，长时间则会发现身体变得浮肿，特别在脚踝处较明显。</span></p><p><br></p><p align="center"><img style="width:500px;height:360px" title="一分钟看出你缺哪种维生素" border="0" hspace="0" alt="一分钟看出你缺哪种维生素" src="http://mmbiz.qpic.cn/mmbiz/UfOhtiauqGkiaT5qH3KT9GUz3HLebicraicClZPgKicicZPnQGNyYKPrKSONc2C6CWPmsKibViaZlbxNFsA4icvBicdmzu3Q/0" width="500" height="360" action-type="show-slide" action-data="http%3A%2F%2Fmmbiz.qpic.cn%2Fmmbiz%2FUfOhtiauqGkiaT5qH3KT9GUz3HLebicraicClZPgKicicZPnQGNyYKPrKSONc2C6CWPmsKibViaZlbxNFsA4icvBicdmzu3Q%2F0" real_src="http://mmbiz.qpic.cn/mmbiz/UfOhtiauqGkiaT5qH3KT9GUz3HLebicraicClZPgKicicZPnQGNyYKPrKSONc2C6CWPmsKibViaZlbxNFsA4icvBicdmzu3Q/0" data-src="http://mmbiz.qpic.cn/mmbiz/UfOhtiauqGkiaT5qH3KT9GUz3HLebicraicClZPgKicicZPnQGNyYKPrKSONc2C6CWPmsKibViaZlbxNFsA4icvBicdmzu3Q/0"></p><p><strong><span style="color:#5F497A"><br></span></strong></p><p><strong><span style="color:#5F497A">来源：运动完吃香蕉补充高量钾，可防止抽筋，每天吃定量的蔬菜水果也能补充足够的钾。</span></strong></p><p><br><strong>6、全身疼痛：缺乏维生素D</strong></p><p><br><span style="color:#31859B">晒太阳不足、或维生素D缺乏的人，就容易引起慢性疼痛，加上维生素D是人体无法自行合成的营养素，补充更为重要。维生素D也是促进骨骼生长、牙齿健全的重要物质。</span></p><p style="text-align:center"><br><img style="width:500px;height:331px" title="一分钟看出你缺哪种维生素" border="0" hspace="0" alt="一分钟看出你缺哪种维生素" src="http://mmbiz.qpic.cn/mmbiz/UfOhtiauqGkiaT5qH3KT9GUz3HLebicraicC4uOiaM4lQ0jRDx9EWricmvGI3rWtOibyydTfxzQar8giaYH61NetGCZp0g/0" width="500" height="331" real_src="http://mmbiz.qpic.cn/mmbiz/UfOhtiauqGkiaT5qH3KT9GUz3HLebicraicC4uOiaM4lQ0jRDx9EWricmvGI3rWtOibyydTfxzQar8giaYH61NetGCZp0g/0" data-src="http://mmbiz.qpic.cn/mmbiz/UfOhtiauqGkiaT5qH3KT9GUz3HLebicraicC4uOiaM4lQ0jRDx9EWricmvGI3rWtOibyydTfxzQar8giaYH61NetGCZp0g/0">&nbsp;<span style="color:#5F497A"><br></span></p><p><strong><span style="color:#5F497A">来源：每周吃2份油性鱼类如鲑鱼、沙丁鱼等，再加上适时晒点日光才能保证体内有充足维生素D。</span></strong><br><br>浩沙健身学院供稿<br></p><p><br></p></div>', '2014-04-17 15:56:27', '2014-04-17 15:56:31', 1, NULL, NULL),
(5, '做一个平衡美眉吧！', '<div style="padding-top: 20px; padding-bottom: 10px"><p align="center"><strong><span style="color:#E36C09"><img style="width:500px;height:500px" border="0" hspace="0" src="http://mmbiz.qpic.cn/mmbiz/UfOhtiauqGkhXofqV75omayBXCaGOodvEyvvX67VZSwpwTZbPwPpjl11nsKHDrXrjUj3gNQqSRKE1RtIY6vrWmg/0" width="500" height="500"></span></strong></p><p><strong><span style="color:#E36C09">动作演示:浩沙健身惠东店明星私教乔颖颖</span></strong></p><p><br><span style="color:#31859B">其实，说到平衡很多人是不懂得其中的奥秘的。<br>平衡练习的好处简直无与伦比！为什么这么说呢？原因在于，平衡控制的能力越强的人往往需要更强的其他身体素质来帮助才可以哦。所以，做一个平衡美眉，对于我们多数人来讲还真不是容易做到的。下边来做一组平衡软踏的练习，检验一下自己的平衡功力吧！</span></p><p><br><strong>一、平衡转体</strong></p><p style="text-align:center"><img style="width:500px;height:500px" border="0" hspace="0" src="http://mmbiz.qpic.cn/mmbiz/UfOhtiauqGkh3ofbP26VZDDSyhpJJE2uganbvaUmwQXD2Q4Hw1XaaKXmddOuCHia1LdZ6kJlyAmEh6sCh83SYl0w/0" width="500" height="500" data-src="http://mmbiz.qpic.cn/mmbiz/UfOhtiauqGkh3ofbP26VZDDSyhpJJE2uganbvaUmwQXD2Q4Hw1XaaKXmddOuCHia1LdZ6kJlyAmEh6sCh83SYl0w/0"></p><p>站在软踏上，大脚支撑，双手向上打开，逐渐的向一个方向缓缓转动身体，脚下不动，转至最大扭矩后稍停，再慢慢转回起始位置。主要考验我们的核心控制力和四肢的协调配合；</p><p><br><strong>二、燕式平衡</strong></p><p style="text-align:center"><img style="width:500px;height:500px" border="0" hspace="0" src="http://mmbiz.qpic.cn/mmbiz/UfOhtiauqGkh3ofbP26VZDDSyhpJJE2ugj4D6Fz76zrytFP8qLBdDiaac6UYqZCdalCoOvWTOCv1wV43BU0xZ5dA/0" width="500" height="500" data-src="http://mmbiz.qpic.cn/mmbiz/UfOhtiauqGkh3ofbP26VZDDSyhpJJE2ugj4D6Fz76zrytFP8qLBdDiaac6UYqZCdalCoOvWTOCv1wV43BU0xZ5dA/0"></p><p>燕式平衡很多人都尝试做过，但是当你站在平衡软踏的瞬间，你就知道身体不会像在普通地面上时那么听话了，当然还有你的腿，似乎很僵硬，支撑腿的后面无法充分伸展，伸出去的腿无法高高抬起，还有倾斜扭曲的躯干。。。。调整一下，继续钻研吧！</p><p><br><strong>三、跪姿打水</strong></p><p style="text-align:center"><img style="width:500px;height:500px" border="0" hspace="0" src="http://mmbiz.qpic.cn/mmbiz/UfOhtiauqGkh3ofbP26VZDDSyhpJJE2ugrUdBEvjEpMsdUXYuSyS06YvJVVHtt0RNK5R7kpibMpY1HWKEiceGfHnA/0" width="500" height="500" data-src="http://mmbiz.qpic.cn/mmbiz/UfOhtiauqGkh3ofbP26VZDDSyhpJJE2ugrUdBEvjEpMsdUXYuSyS06YvJVVHtt0RNK5R7kpibMpY1HWKEiceGfHnA/0"></p><p>这个打水的意思是要用小腿在上体稳定的基础上快速的上下交替摆动，但关键的难度在于，身体的稳定不动和大腿后边的股二头肌的酸痛感。</p><p><br><strong>四、锥形平衡</strong></p><p style="text-align:center"><img style="width:500px;height:500px" border="0" hspace="0" src="http://mmbiz.qpic.cn/mmbiz/UfOhtiauqGkh3ofbP26VZDDSyhpJJE2ugSQoicVYOL380BjiclNmGwYicEN1f2Pf8SlCic4De6SQ61lvv55o0LrwAfQ/0" width="500" height="500" data-src="http://mmbiz.qpic.cn/mmbiz/UfOhtiauqGkh3ofbP26VZDDSyhpJJE2ugSQoicVYOL380BjiclNmGwYicEN1f2Pf8SlCic4De6SQ61lvv55o0LrwAfQ/0"></p><p>与瑜伽的船式不一样的是，锥形的平衡不但需要腹部的强力收紧，还需要身体的整体配合与协调。这个是不仅练习腹部并且还能够挑战身体协调的超级动作。</p><p><br></p><p>总体看一组练习，你不仅需要紧实有弹力的臀部和腹部，还需要四肢的自由灵活的配合，如果你是个平衡美眉，你一定会告诉我们你做到了这些！</p><p><br></p><p>浩沙健身学院供稿<br></p></div>', '2014-04-17 15:56:59', '2014-04-17 15:57:01', 1, NULL, NULL),
(6, '健身运动前后如何饮食??', '<p><img src="http://localhost/webfan/ueditor/php/upload1//20140507/1399475641112893.jpg"/>smmas</p><p>s;lmalsdkajsdja s</p><p>卡机还是看好大&nbsp;</p><p><br/></p><p>阿萨德将阿斯都卡死d阿斯利康的锕安圣基</p><p>as加大实打实的阿康哈市das&#39;kd</p><p><br/></p><p><br/></p><p>阿赛阶段阿斯达斯、。</p><p>睡懒觉啊就是大四阿斯兰。</p>', '2014-04-17 15:58:17', '2014-05-07 23:16:42', 1, 'madiks', 1);

-- --------------------------------------------------------

--
-- 表的结构 `index_model`
--

CREATE TABLE IF NOT EXISTS `index_model` (
  `id` int(11) NOT NULL AUTO_INCREMENT,
  `type` int(11) DEFAULT NULL COMMENT '模块类型，1为轮播图，2为展示模块',
  `status` int(11) DEFAULT NULL COMMENT '模块状态，1为可用，2为不可用',
  `title` varchar(255) DEFAULT NULL COMMENT '标题',
  `subtitle` varchar(255) DEFAULT NULL COMMENT '模块副标题',
  `desc` varchar(500) DEFAULT NULL COMMENT '模块描述',
  `img` char(255) DEFAULT NULL COMMENT '图片链接',
  `link` char(255) DEFAULT NULL COMMENT '链接地址',
  `createtime` datetime DEFAULT NULL COMMENT '创建时间',
  `updatetime` datetime DEFAULT NULL COMMENT '更新时间',
  PRIMARY KEY (`id`)
) ENGINE=InnoDB  DEFAULT CHARSET=utf8 AUTO_INCREMENT=9 ;

--
-- 转存表中的数据 `index_model`
--

INSERT INTO `index_model` (`id`, `type`, `status`, `title`, `subtitle`, `desc`, `img`, `link`, `createtime`, `updatetime`) VALUES
(1, 1, 1, '环宇健身', NULL, '中国最大的室内运动品牌，在室内运动服饰细分市场，浩沙在品牌和市场份额方面处于绝对的领先地位，而在健身俱乐部领域，浩沙更已发展成为亚洲最具影响力的连锁健身品牌之一', 'public/img/00000000000000012.jpg', '', '2014-04-15 22:49:35', '2014-05-07 12:15:55'),
(2, 1, 1, '瑜伽健身会馆震撼登陆', NULL, '静心堂每位老师意识到推广瑜伽不是一种趣味的流连，而应该是一种责任的付出，多年来整体的教学团队致力于推广和传播瑜伽的文化的精髓思想，使得越来越多的人通过瑜伽的修炼得到身心健康的发展。瑜伽老师的教学素质，相关的知识领域及实际教学能力对习练者具有高度的影响力。', 'public/img/banner_04.jpg', NULL, '2014-04-15 22:51:06', NULL),
(3, 1, 1, '环宇登山节盛大开幕', NULL, '这个季节的泰山，秋高气爽，风景秀丽，加上泰安交通方便，更使之成为国内近年来具有较高知名度的一个大型旅游节日。从1987年9月举办第一届泰山国际登山节以来，至今每年举办一次，来自世界各国及国内来宾和登山健儿欢聚一堂，参加各种节日活动，如徒步登山比赛、自行车登山比赛。', 'public/img/banner_02.jpg', NULL, '2014-04-15 22:51:10', NULL),
(4, 2, 1, '最佳的硬件条件.', 'It''ll blow your mind op.', 'Donec ullamcorper nulla non metus auctor fringilla. Vestibulum id ligula porta felis euismod semper. Praesent commodo cursus magna, vel scelerisque nisl consectetur. Fusce dapibus, tellus ac cursus commodo.', 'public/img/33e557e82bca20c5dd55798fd5ba20bb.jpg', NULL, '2014-04-15 22:52:37', NULL),
(5, 2, 1, '专业的教练团队.', 'See for yourself.', 'Donec ullamcorper nulla non metus auctor fringilla. Vestibulum id ligula porta felis euismod semper. Praesent commodo cursus magna, vel scelerisque nisl consectetur. Fusce dapibus, tellus ac cursus commodo.', 'public/img/u=2406427364,2715693814&fm=23&gp=0.jpg', NULL, '2014-04-15 22:52:41', NULL),
(6, 2, 1, '一流的服务质量.', 'Checkmate.', 'Donec ullamcorper nulla non metus auctor fringilla. Vestibulum id ligula porta felis euismod semper. Praesent commodo cursus magna, vel scelerisque nisl consectetur. Fusce dapibus, tellus ac cursus commodo.\r\n\r\n', 'public/img/u=1272579947,3718449332&fm=23&gp=0.jpg', NULL, '2014-04-15 22:53:23', NULL),
(8, 1, 1, '轮播测试', NULL, '轮播测试---世锦赛季军', 'public/img/00000000000000016.jpg', '', '2014-05-07 12:16:41', '2014-05-07 12:16:41');

-- --------------------------------------------------------

--
-- 表的结构 `shoplist`
--

CREATE TABLE IF NOT EXISTS `shoplist` (
  `id` int(11) NOT NULL AUTO_INCREMENT,
  `shopname` varchar(300) DEFAULT NULL,
  `address` varchar(500) DEFAULT NULL,
  `tel` varchar(200) DEFAULT NULL,
  `managerinfo` varchar(200) DEFAULT NULL,
  PRIMARY KEY (`id`)
) ENGINE=InnoDB  DEFAULT CHARSET=utf8 AUTO_INCREMENT=4 ;

--
-- 转存表中的数据 `shoplist`
--

INSERT INTO `shoplist` (`id`, `shopname`, `address`, `tel`, `managerinfo`) VALUES
(1, '总店', '长春市卫星广场6543号', '15829263727', '李里书'),
(2, '西安大路店', '长春市西安大路232号', '18739293772', '王称'),
(3, '测试分店', 'as纠结啊就是QQ', '11233232', '萨克斯');

-- --------------------------------------------------------

--
-- 表的结构 `user`
--

CREATE TABLE IF NOT EXISTS `user` (
  `id` int(11) NOT NULL AUTO_INCREMENT,
  `uname` char(255) DEFAULT NULL COMMENT '用户名',
  `pass` char(255) DEFAULT NULL COMMENT '密码',
  `name` varchar(200) DEFAULT NULL COMMENT '姓名',
  `tel` char(255) DEFAULT NULL COMMENT '电话',
  `cardnum` char(255) DEFAULT NULL COMMENT '会员卡号',
  `type` int(11) DEFAULT NULL COMMENT '会员类型',
  `status` int(11) DEFAULT NULL COMMENT '用户账户状态，1为可用，0不可用',
  `sid` int(11) DEFAULT NULL COMMENT '所属门店id',
  `sname` varchar(200) DEFAULT NULL COMMENT '用户所属门店',
  `create_time` date DEFAULT NULL COMMENT '创建账户时间',
  `update_time` datetime DEFAULT NULL COMMENT '最近登录时间',
  `aid` int(11) DEFAULT NULL,
  `author` varchar(200) DEFAULT NULL,
  PRIMARY KEY (`id`)
) ENGINE=InnoDB  DEFAULT CHARSET=utf8 AUTO_INCREMENT=6 ;

--
-- 转存表中的数据 `user`
--

INSERT INTO `user` (`id`, `uname`, `pass`, `name`, `tel`, `cardnum`, `type`, `status`, `sid`, `sname`, `create_time`, `update_time`, `aid`, `author`) VALUES
(1, 'adiks', '202cb962ac59075b964b07152d234b70', 'madiksOP', '18744033062', 'NO.99888', 1, 1, 1, '总店', '2014-04-18', '2014-05-09 14:07:12', 1, 'madiks'),
(4, 'madiks', '939314105ce8701e67489642ef4d49e8', '章帝', '18733329876', 'No.sslsa', 1, 1, 1, '西安大路店', '2014-05-06', '2014-05-10 09:53:58', 1, 'madiks'),
(5, 'test123', 'e10adc3949ba59abbe56e057f20f883e', NULL, '18733329876', NULL, 1, 0, 1, '总店', '2014-05-09', NULL, NULL, NULL);

/*!40101 SET CHARACTER_SET_CLIENT=@OLD_CHARACTER_SET_CLIENT */;
/*!40101 SET CHARACTER_SET_RESULTS=@OLD_CHARACTER_SET_RESULTS */;
/*!40101 SET COLLATION_CONNECTION=@OLD_COLLATION_CONNECTION */;
